"";"Estimate";"95Conf.int.low";"95Conf.int.up";"NRespondents"
"Communication flaws within the project development team";3,75;2,99304971530424;4,49370028469576;10
"Communication flaws between developers and the customer";3,875;3,33697508992618;4,41702491007382;10
"Terminological problems";3;2,19327337655615;3,80072662344385;10
"Unclear responsibilities";3,5;2,68534458723771;4,29065541276229;10
"Incomplete";3,375;2,7086546786633;4,0743453213367;10
"Implicit requirements not made explicit";4;3,63497965408695;4,35327034591305;10
"Insufficient support by project lead";3,25;2,4979842246919;3,9682657753081;10
"Insufficient support by customer";3,625;2,91683929623285;4,31866070376715;10
"Stakeholders with difficulties in separating requirements from previously known solution designs";4;3,41653643544272;4,56671356455728;10
"Inconsistent requirements";2,875;2,16511059263921;3,62013940736079;10
"Missing traceability";3;2,28468719177623;3,71781280822377;10
"Moving targets (changing goals, business processes and / or requirements)";3,625;3,01074096811041;4,24150903188959;10
"""Gold plating"" (implementation of features without corresponding requirements)";3;2,2330094134477;3,8017405865523;10
"Weak access to customer needs and / or (internal) business information";3,625;2,9660720653304;4,2886779346696;10
"Weak knowledge of customer's application domain";3,125;2,18900832922336;4,10049167077664;10
"Weak relationship between customer and project lead";3,375;2,77813971535839;3,98736028464161;10
"Time boxing / Not enough time in general";3,375;2,54364404117767;4,19110595882233;10
"Discrepancy between high degree of innovation and need for formal acceptance of (potentially wrong / incomplete / unknown) requirements";3,25;2,95229106758855;3,56270893241145;10
"Technically unfeasible requirements";2,25;1,95782861133461;2,53867138866539;10
"Underspecified requirements that are too abstract and allow for various interpretations";2,875;2,46129421056473;3,29320578943527;10
"Unclear / unmeasurable non-functional requirements";3,125;2,71013862848394;3,54036137151606;10
"Volatile customer's business domain regarding, e.g., changing points of contact, business processes or requirements";2,5;1,90286791594885;3,09013208405115;10
