"";"Estimate";"95Conf.int.low";"95Conf.int.up";"NRespondents"
"...is too hard to understand";2,57142857142857;2,20598560710077;2,9334429643278;10
"...is too complex";2,57142857142857;2,22096359695545;2,91332211733026;10
"...is too abstract";3;2,4732480138228;3,56103770046292;10
"...does not support the specification of precise requirements";2,85714285714286;2,24460327689195;3,47711100882234;10
"...does not scale to our projects' high complexity";2,71428571428571;2,03423712445415;3,36804858983156;10
"...is too heavy weight for our projects (e.g., it does not support agility)";3,14285714285714;2,52485047571888;3,78972095285254;10
"...is not flexible enough (e.g., it offers no means to tackle moving targets / change-intensive requirements)";3;2,28635272819969;3,68621870037174;10
"...does not sufficiently define a clear terminology";3;2,58888154844328;3,40254702298529;10
"...gives no guidance on how to create the specification documents";2,71428571428571;2,37589819666999;3,03638751761573;10
"...does not sufficiently allow for deviations according to project circumstances that cannot be formalised (e.g., politically motivated underspecified requirements)";2,57142857142857;2,20988932707333;2,92525353006953;10
"...does not fit to the variety of our projects  (e.g., size or technical domains).";2,85714285714286;2,22285179778699;3,47800534507015;10
"...does not sufficiently define roles and responsibilities";2,85714285714286;2,2357029819416;3,45886844662982;10
