"";"NrQuoted";"NRespondents";"Estimate";"95Conf.int.low";"95Conf.int.up"
"We have defined a tailoring approach that continuously guides the application of the standard in our project";2;13;0,153846153846154;-0,0477613624050896;0,355299823943551
"We have tool support for tailoring our Requirements Engineering standard";3;13;0,230769230769231;0,00302204657920788;0,460824107266946
"At the beginning of a project, the project lead / requirements engineer tailors the standard based on experiences";5;13;0,384615384615385;0,123597502389403;0,654402497610597
"We do not consider a particular tailoring approach";4;13;0,307692307692308;0,0622024755147653;0,560720601408312
