"";"Estimate";"95Conf.int.low";"95Conf.int.up";"NRespondents"
"Compliance to regulations and standards (like CMMI)";3;2,17945489828679;3,80469894786705;15
"Seamless development by integrating Requirements Engineering into the development process";4,23076923076923;3,92026887346437;4,55126958807409;15
"Better tool support";3,38461538461538;2,93719751400892;3,82880248599108;15
"Formal prerequisite for project acquisition in your domain";2,84615384615385;2,22623603333499;3,46453319743424;15
"Support of distributed development";3,69230769230769;3,25528260088909;4,11810201449552;15
"Better support of progress control";3,53846153846154;2,97997662509317;4,09233106721453;15
"Better quality assurance of the artefacts (e.g., within quality gates)";3,69230769230769;3,05212609845435;4,32572005539181;15
"Support of benchmarks and / or comparison of different projects";2,76923076923077;1,98776040029552;3,5396242150891;15
"Support of project management and planning";4;3,46632376414588;4,52398392816181;15
"Higher efficiency";3,92307692307692;3,41480796212197;4,4404228071088;15
"Knowledge transfer";4,07692307692308;3,54675352820053;4,60093877949178;15
