"";"NrQuoted";"NRespondents";"Estimate";"95Conf.int.low";"95Conf.int.up"
"No";8;28;0,285714285714286;0,128236611375258;0,454477674339028
"Yes, our project teams improve requirements engineering.";9;28;0,321428571428571;0,149650056451392;0,488992800691465
"Yes, we improve our requirements engineering via an own business unit / role.";10;28;0,357142857142857;0,170094815170977;0,53054804197188
"Yes, we improve our requirements engineering via external consultants.";1;28;0,0357142857142857;-0,0345318649019348;0,104960436330506
