"";"NrQuoted";"NRespondents";"Estimate";"95Conf.int.low";"95Conf.int.up"
"We have a continuous change management.";6;10;0,6;0,296438695237166;0,906761304762834
"We have a change management approach that applies after formally accepting a requirements specification.";2;10;0,2;-0,0466651773393611;0,441665177339361
"We have a change management that applies during RE.";1;10;0,1;-0,0826663343660523;0,277266334366052
"We do not consider a change management in RE.";1;10;0,1;-0,0841892478460602;0,28918924784606
