"";"NrQuoted";"NRespondents";"Estimate";"95Conf.int.low";"95Conf.int.up"
"We have defined a tailoring approach that continuously guides the application of the standard in our project";0;10;0;0;0
"We have tool support for tailoring our Requirements Engineering standard";0;10;0;0;0
"At the beginning of a project, the project lead / requirements engineer tailors the standard based on experiences";3;10;0,3;0,0143626460953555;0,580437353904644
"We do not consider a particular tailoring approach";6;10;0,6;0,304242686538955;0,893157313461045
