"";"Estimate";"95Conf.int.low";"95Conf.int.up";"NRespondents"
"Compliance to regulations and standards (like CMMI)";3,44444444444444;2,61724077227241;4,2658703388387;10
"Seamless development by integrating Requirements Engineering into the development process";4;3,48058038794891;4,53586405649553;10
"Better tool support";4;3,47162015799169;4,52549095311942;10
"Formal prerequisite for project acquisition in your domain";3,33333333333333;3,00041423878122;3,64714131677434;10
"Support of distributed development";3,88888888888889;3,34184375086058;4,45082291580608;10
"Better support of progress control";4,22222222222222;3,70398864063804;4,7433446926953;10
"Better quality assurance of the artefacts (e.g., within quality gates)";4,11111111111111;3,71592047794363;4,5114128553897;10
"Support of benchmarks and / or comparison of different projects";3,44444444444444;2,97371657373905;3,90517231514984;10
"Support of project management and planning";4;3,44872403167178;4,55216485721711;10
"Higher efficiency";3,88888888888889;3,32845532995027;4,44710022560529;10
"Knowledge transfer";4,22222222222222;3,70219454968474;4,72158322809304;10
