"";"NrQuoted";"NRespondents";"Estimate";"95Conf.int.low";"95Conf.int.up"
"A standard that is predefined according to a regulation (e.g., ITIL)";0;18;0;0;0
"A standard that is predefined by the development process (e.g., Rational Unified Process, Scrum)";5;18;0,277777777777778;0,0740836290260262;0,481471926529529
"An own standard that defines the coarse process with deliverables, milestones, and phases";7;18;0,388888888888889;0,160075406397987;0,618146815824235
"An own standard that defines the process including roles and responsibilities.";5;18;0,277777777777778;0,0667951948699349;0,491982582907843
"An own standard that defines artefacts and offers document templates";4;18;0,222222222222222;0,0323363521717759;0,415108092272668
"None";3;18;0,166666666666667;-0,0127687489237523;0,33754652670153
