"";"OtherSelected";"Value"
"1";"0";NA
"2";"0";NA
"3";"0";NA
"5";"0";NA
"6";"0";NA
"7";"0";NA
"8";"0";NA
"9";NA;NA
"10";"0";NA
"11";"0";NA
"12";"0";NA
"14";"0";NA
"15";NA;NA
"16";"1";"Tool based."
"17";"0";NA
"18";"0";NA
"19";"0";NA
"20";"0";NA
"22";"1";"Practices are  implemented  in RM tool, which supports as well as enforces compliance to process; additional means: coaching by RE team, extensive training and other knowledge resources"
"24";"0";NA
"25";"0";NA
"27";"0";NA
"28";"1";"regular process  Quality  - assesments"
"29";"0";NA
"30";"0";NA
"31";NA;NA
"33";"0";NA
"34";"0";NA
"35";"0";NA
"36";"0";NA
"39";"0";NA
"40";"0";NA
"41";"0";NA
"43";NA;NA
"44";"0";NA
"45";"0";NA
"46";"0";NA
"47";"0";NA
"48";"0";NA
"49";"0";NA
"50";"0";NA
