"";"NrQuoted";"NRespondents";"Estimate";"95Conf.int.low";"95Conf.int.up"
"We have defined a tailoring approach that continuously guides the application of the standard in our project";9;37;0,243243243243243;0,104505371400835;0,386467601572138
"We have tool support for tailoring our Requirements Engineering standard";7;37;0,189189189189189;0,0602634664983162;0,316168965934116
"At the beginning of a project, the project lead / requirements engineer tailors the standard based on experiences";19;37;0,513513513513513;0,353354440135063;0,678213127432505
"We do not consider a particular tailoring approach";9;37;0,243243243243243;0,10543916377171;0,374452728120182
