"";"NrQuoted";"NRespondents";"Estimate";"95Conf.int.low";"95Conf.int.up"
"We have a continuous change management.";16;37;0,432432432432432;0,275804498596669;0,590952258160087
"We have a change management approach that applies after formally accepting a requirements specification.";12;37;0,324324324324324;0,177735249715293;0,47523772325768
"We have a change management that applies during RE.";5;37;0,135135135135135;0,0280764003777728;0,245761437460065
"We do not consider a change management in RE.";6;37;0,162162162162162;0,0467943163109307;0,286178656662042
