"";"Estimate";"95Conf.int.low";"95Conf.int.up";"NRespondents"
"Compliance to regulations and standards (like CMMI)";3,08571428571429;2,63637956685977;3,55670614742594;41
"Seamless development by integrating Requirements Engineering into the development process";4,22857142857143;3,90395673173795;4,56067183969062;41
"Better tool support";3,51428571428571;3,11197864322942;3,9143070710563;41
"Formal prerequisite for project acquisition in your domain";3;2,6398416946998;3,36232973387162;41
"Support of distributed development";3,8;3,47063541899375;4,1301074381491;41
"Better support of progress control";3,88571428571429;3,56419634968422;4,21466079317292;41
"Better quality assurance of the artefacts (e.g., within quality gates)";4,42857142857143;4,2276383243721;4,63293310419933;41
"Support of benchmarks and / or comparison of different projects";3,05714285714286;2,67742684374052;3,44148744197377;41
"Support of project management and planning";3,85714285714286;3,51481384656001;4,19552901058284;41
"Higher efficiency";4,2;3,91692726822754;4,48507273177246;41
"Knowledge transfer";4,02857142857143;3,68340538073173;4,38185176212541;41
