"";"NrQuoted";"NRespondents";"Estimate";"95Conf.int.low";"95Conf.int.up"
"No";1;14;0,0714285714285714;-0,0594006563027221;0,205257799159865
"Yes, our project teams improve requirements engineering.";7;14;0,5;0,255020771461984;0,755264942823731
"Yes, we improve our requirements engineering via an own business unit / role.";4;14;0,285714285714286;0,0486477819104616;0,524209360946681
"Yes, we improve our requirements engineering via external consultants.";2;14;0,142857142857143;-0,0347688668146068;0,321340295386035
