"";"OtherSelected";"Value"
"1";"0";NA
"2";"0";NA
"3";"0";NA
"4";"0";NA
"5";"0";NA
"6";"1";"Reviews"
"7";"0";NA
"8";"0";NA
"9";"1";"Project- and customer-dependent"
"10";"0";NA
"11";"1";"Reviews and retrospectives"
"12";"0";NA
"13";"1";"Regular reviews"
"14";"0";NA
"15";"0";NA
"16";"0";NA
"17";"0";NA
"18";"0";NA
"19";"0";NA
"20";"0";NA
"21";"0";NA
"22";NA;NA
"23";"0";NA
"24";"0";NA
"25";"0";NA
"26";"0";NA
"27";NA;NA
"28";"1";"Tool based."
"29";"0";NA
"30";"0";NA
"31";"0";NA
"32";"0";NA
"33";"1";"Practices are  implemented  in RM tool, which supports as well as enforces compliance to process; additional means: coaching by RE team, extensive training and other knowledge resources"
"34";"0";NA
"35";"0";NA
"36";"0";NA
"37";"1";"regular process  Quality  - assesments"
"38";"0";NA
"39";"0";NA
"40";NA;NA
"41";"0";NA
"42";"0";NA
"43";"0";NA
"44";"0";NA
"45";"0";NA
"46";"0";NA
"47";"0";NA
"48";NA;NA
"49";"0";NA
"50";"0";NA
"51";"0";NA
"52";"0";NA
"53";"0";NA
"54";"0";NA
"55";"0";NA
