"";"NrQuoted";"NRespondents";"Estimate";"95Conf.int.low";"95Conf.int.up"
"We have defined a tailoring approach that continuously guides the application of the standard in our project";11;51;0,215686274509804;0,100916106554361;0,327985854229953
"We have tool support for tailoring our Requirements Engineering standard";8;51;0,156862745098039;0,05901119487756;0,258831942377342
"At the beginning of a project, the project lead / requirements engineer tailors the standard based on experiences";26;51;0,509803921568627;0,372952025758051;0,645596993849792
"We do not consider a particular tailoring approach";13;51;0,254901960784314;0,132674153023711;0,373992513642956
