"";"NrQuoted";"NRespondents";"Estimate";"95Conf.int.low";"95Conf.int.up"
"We have a continuous change management.";18;51;0,352941176470588;0,221984468716394;0,48770180579341
"We have a change management approach that applies after formally accepting a requirements specification.";17;51;0,333333333333333;0,204136215872582;0,463667705696045
"We have a change management that applies during RE.";8;51;0,156862745098039;0,0570451736740932;0,255425414561201
"We do not consider a change management in RE.";9;51;0,176470588235294;0,0735113992395616;0,280488600760438
