"";"Estimate";"95Conf.int.low";"95Conf.int.up";"NRespondents"
"Compliance to regulations and standards (like CMMI)";3,24444444444444;2,83852094497737;3,66801238835596;55
"Seamless development by integrating Requirements Engineering into the development process";4,15555555555556;3,8521488812632;4,47340667429235;55
"Better tool support";3,42222222222222;3,072894466806;3,77532775541622;55
"Formal prerequisite for project acquisition in your domain";2,95555555555556;2,61778784295363;3,30145660149082;55
"Support of distributed development";3,71111111111111;3,40259277502593;4,0095405583074;55
"Better support of progress control";3,93333333333333;3,64063166385183;4,21621278059261;55
"Better quality assurance of the artefacts (e.g., within quality gates)";4,42222222222222;4,22234919624686;4,63702858153092;55
"Support of benchmarks and / or comparison of different projects";3,13333333333333;2,77084798555026;3,48497423667197;55
"Support of project management and planning";3,88888888888889;3,59126490278962;4,19380176387705;55
"Higher efficiency";4,24444444444444;3,98414263403614;4,49727958818608;55
"Knowledge transfer";3,97777777777778;3,67834791396967;4,27796319714144;55
