"";"NrQuoted";"NRespondents";"Estimate";"95Conf.int.low";"95Conf.int.up"
"A standard that is predefined according to a regulation (e.g., ITIL)";1;15;0,0666666666666667;-0,0554351794590332;0,192368512792367
"A standard that is predefined by the development process (e.g., Rational Unified Process, Scrum)";2;15;0,133333333333333;-0,0450539641767363;0,311720630843403
"An own standard that defines the coarse process with deliverables, milestones, and phases";8;15;0,533333333333333;0,276519855896896;0,786413477436438
"An own standard that defines the process including roles and responsibilities.";6;15;0,4;0,154567355926077;0,63409931074059
"An own standard that defines artefacts and offers document templates";7;15;0,466666666666667;0,201362922665446;0,722370410667887
"None";2;15;0,133333333333333;-0,0459525181280023;0,294752518128002
