"";"OtherSelected";"Value"
"3";NA;NA
"4";"0";NA
"5";"0";NA
"6";"0";NA
"7";"0";NA
"8";"0";NA
"9";"0";NA
"11";NA;NA
"13";"0";NA
"15";"0";NA
"16";"0";NA
"17";"0";NA
"19";"0";NA
"20";"0";NA
"21";"0";NA
"22";NA;NA
"25";"0";NA
"31";"0";NA
"32";NA;NA
"35";"0";NA
"36";"1";"para ficar mais competitivos (processo mais eficiente)"
"37";"1";"MPSBR"
"39";"0";NA
"41";"0";NA
"42";"0";NA
"44";"1";"Para contornar problemas gerados pela estrutura feudal da empresa."
"45";"0";NA
"46";"0";NA
"47";"0";NA
"48";"0";NA
"49";"0";NA
"50";"1";"Para melhorar a qualidade no desenvolvimento dos projetos"
"51";"0";NA
"54";NA;NA
"55";"0";NA
"56";"0";NA
"57";NA;NA
"58";"0";NA
"59";"0";NA
"60";"0";NA
"62";"0";NA
"63";"0";NA
"64";"0";NA
"65";"0";NA
"70";"0";NA
"71";"0";NA
"72";"0";NA
"73";NA;NA
"74";"0";NA
"75";"1";"Adotamos m<U+00E9>todos <U+00E1>geis que tem como um dos princ<U+00ED>pios inspe<U+00E7><U+00E3>o e adpata<U+00E7><U+00E3>o para promover melhor<U+00ED>a cont<U+00ED>nua"
"77";"1";"Sempre que poss<U+00ED>vel com a vis<U+00E3>o de melhoria cont<U+00ED>nua de nosso processo"
"78";"0";NA
"79";"0";NA
"80";"1";"Documenta<U+00E7><U+00E3>o do produto"
"81";"0";NA
"82";"0";NA
"84";"0";NA
"85";"0";NA
"86";"0";NA
"88";"1";"Adapta<U+00E7><U+00E3>o das tarefas <U+00E0>s novas ferramentas adquiridas"
"89";"0";NA
"90";"0";NA
"91";"0";NA
"93";"0";NA
"94";"0";NA
"96";"0";NA
"97";"0";NA
"99";"0";NA
"101";"0";NA
"102";"0";NA
"104";"0";NA
"107";"1";"Para melhorar a produtividade das equipes e diminuir a quantidade de defeitos identificados durante os testes."
"108";"0";NA
"109";"0";NA
