"";"NrQuoted";"NRespondents";"Estimate";"95Conf.int.low";"95Conf.int.up"
"It helps us to determine our strenghts and weaknesses and act accordingly";49;67;0,73134328358209;0,619568072492221;0,847834912582406
"An improvement is expected by our customer";16;67;0,238805970149254;0,137904003982573;0,337827339301009
"We conduct the improvement to obtain a certain certification.";18;67;0,26865671641791;0,161100035406459;0,376093994444287
"An improvement is demanded by a regulation (e.g., CMMI, Cobit, or ITIL)";1;67;0,0149253731343284;-0,014225471714357;0,0437478597740584
