"";"NrQuoted";"NRespondents";"Estimate";"95Conf.int.low";"95Conf.int.up"
"A standard that is predefined according to a regulation (e.g., ITIL)";4;41;0,0975609756097561;0,0074605967958013;0,190002817838345
"A standard that is predefined by the development process (e.g., Rational Unified Process, Scrum)";14;41;0,341463414634146;0,195842237575222;0,484694347790632
"An own standard that defines the coarse process with deliverables, milestones, and phases";15;41;0,365853658536585;0,215219796551137;0,518146057107399
"An own standard that defines the process including roles and responsibilities.";18;41;0,439024390243902;0,283303953013338;0,595525315279345
"An own standard that defines artefacts and offers document templates";21;41;0,51219512195122;0,361220411641921;0,661413734699543
"None";4;41;0,0975609756097561;0,0108385375224324;0,189015121014153
