"";"Estimate";"95Conf.int.low";"95Conf.int.up";"NRespondents"
"Communication flaws within the project development team";3,38372093023256;3,18331800221947;3,58220525359448;228
"Communication flaws between developers and the customer";3,71511627906977;3,54293372439044;3,88853139188863;228
"Terminological problems";2,95348837209302;2,77142738696037;3,13847958978381;228
"Unclear responsibilities";2,87790697674419;2,67588510227835;3,08185908376816;228
"Incomplete";3,55232558139535;3,37039534334864;3,73339535432578;228
"Implicit requirements not made explicit";3,81976744186047;3,65032339529746;3,99642079074905;228
"Insufficient support by project lead";2,65697674418605;2,47015639538918;2,83430872088989;228
"Insufficient support by customer";3,19186046511628;3,01162898730868;3,38335938478434;228
"Stakeholders with difficulties in separating requirements from previously known solution designs";3,66279069767442;3,48607836415525;3,83778210096103;228
"Inconsistent requirements";3,25581395348837;3,07268891456046;3,43386922497443;228
"Missing traceability";3,02325581395349;2,80941047096706;3,22508952903294;228
"Moving targets (changing goals, business processes and / or requirements)";3,58720930232558;3,38609155229355;3,77486193607855;228
"""Gold plating"" (implementation of features without corresponding requirements)";3,1453488372093;2,95362183305664;3,33716886461777;228
"Weak access to customer needs and / or (internal) business information";3,02325581395349;2,83301035151857;3,21152453220236;228
"Weak knowledge of customer's application domain";2,70348837209302;2,50760506876736;2,9099646986745;228
"Weak relationship between customer and project lead";2,63372093023256;2,43858548700861;2,83149590834023;228
"Time boxing / Not enough time in general";3,30232558139535;3,09592658951987;3,49510829420106;228
"Discrepancy between high degree of innovation and need for formal acceptance of (potentially wrong / incomplete / unknown) requirements";2,93023255813953;2,74671560583919;3,12045881276546;228
"Technically unfeasible requirements";2,43604651162791;2,25519932771091;2,61089369554491;228
"Underspecified requirements that are too abstract and allow for various interpretations";3,34883720930233;3,1759052385928;3,52731569163975;228
"Unclear / unmeasurable non-functional requirements";3,47674418604651;3,29625649645213;3,6647783872688;228
"Volatile customer's business domain regarding, e.g., changing points of contact, business processes or requirements";2,96511627906977;2,77626195263718;3,15542409387445;228
