"";"Estimate";"95Conf.int.low";"95Conf.int.up";"NRespondents"
"...is too hard to understand";2,05434782608696;1,89266943224322;2,21105882862634;228
"...is too complex";1,9945652173913;1,84785458559226;2,14948237092948;228
"...is too abstract";2,21195652173913;2,03492327422414;2,38590281273238;228
"...does not support the specification of precise requirements";2,46739130434783;2,26329905925705;2,66734224509077;228
"...does not scale to our projects' high complexity";2,33695652173913;2,14537603594458;2,52566744231629;228
"...is too heavy weight for our projects (e.g., it does not support agility)";2,34239130434783;2,14949507569641;2,52562448952098;228
"...is not flexible enough (e.g., it offers no means to tackle moving targets / change-intensive requirements)";2,32608695652174;2,148412953946;2,50306530692356;228
"...does not sufficiently define a clear terminology";2,46739130434783;2,27197488385701;2,66379685527342;228
"...gives no guidance on how to create the specification documents";2,40217391304348;2,19836998206239;2,60181480054631;228
"...does not sufficiently allow for deviations according to project circumstances that cannot be formalised (e.g., politically motivated underspecified requirements)";2,40760869565217;2,23229255046146;2,57789223214724;228
"...does not fit to the variety of our projects  (e.g., size or technical domains).";2,28260869565217;2,10857203242293;2,45812361975098;228
"...does not sufficiently define roles and responsibilities";2,41304347826087;2,22813062777442;2,60107589396471;228
