"";"Estimate";"95Conf.int.low";"95Conf.int.up";"NRespondents"
"Communication flaws within the project development team";3,52631578947368;3,0785979453666;3,9815073177913;28
"Communication flaws between developers and the customer";3,78947368421053;3,28731269952658;4,29058203731553;28
"Terminological problems";3,21052631578947;2,7446443138199;3,67882937039063;28
"Unclear responsibilities";3,21052631578947;2,66888376230452;3,74595834295864;28
"Incomplete";3,57894736842105;3,07314759645207;4,0835892456532;28
"Implicit requirements not made explicit";3,94736842105263;3,47675673518386;4,44092747534246;28
"Insufficient support by project lead";2,68421052631579;2,28894940089789;3,08905059910211;28
"Insufficient support by customer";3,10526315789474;2,58505919036805;3,645888178053;28
"Stakeholders with difficulties in separating requirements from previously known solution designs";3,73684210526316;3,3875172324897;4,09700908329978;28
"Inconsistent requirements";3,94736842105263;3,54074137198152;4,34325862801848;28
"Missing traceability";3,31578947368421;2,64436343452092;3,97953130232118;28
"Moving targets (changing goals, business processes and / or requirements)";3,84210526315789;3,38511118483362;4,31088881516638;28
"""Gold plating"" (implementation of features without corresponding requirements)";2,94736842105263;2,41749290740914;3,44471761890665;28
"Weak access to customer needs and / or (internal) business information";3,10526315789474;2,57945986769667;3,64127697440859;28
"Weak knowledge of customer's application domain";3,31578947368421;2,70827213352143;3,93141207700489;28
"Weak relationship between customer and project lead";2,84210526315789;2,31301922201515;3,36055972535327;28
"Time boxing / Not enough time in general";3,47368421052632;3,05506745742993;3,90051148993849;28
"Discrepancy between high degree of innovation and need for formal acceptance of (potentially wrong / incomplete / unknown) requirements";3,26315789473684;2,6797881258339;3,81231713732399;28
"Technically unfeasible requirements";2,63157894736842;2,14198088142653;3,12444017120505;28
"Underspecified requirements that are too abstract and allow for various interpretations";3,89473684210526;3,45435999161567;4,33721895575275;28
"Unclear / unmeasurable non-functional requirements";3,89473684210526;3,47763456675766;4,29941806482128;28
"Volatile customer's business domain regarding, e.g., changing points of contact, business processes or requirements";3;2,51915966015291;3,47147191879446;28
