"";"Estimate";"95Conf.int.low";"95Conf.int.up";"NRespondents"
"...is too hard to understand";2,05;1,6709728821873;2,4152271178127;28
"...is too complex";2,05;1,65175336532044;2,43864663467956;28
"...is too abstract";2,3;1,89735549697218;2,71124450302782;28
"...does not support the specification of precise requirements";2,85;2,31645469139619;3,38524530860381;28
"...does not scale to our projects' high complexity";3;2,49202594085301;3,51217405914699;28
"...is too heavy weight for our projects (e.g., it does not support agility)";2,95;2,42004088258489;3,52425911741511;28
"...is not flexible enough (e.g., it offers no means to tackle moving targets / change-intensive requirements)";2,85;2,31582934813149;3,39417065186851;28
"...does not sufficiently define a clear terminology";2,75;2,29769117682785;3,19860882317215;28
"...gives no guidance on how to create the specification documents";3,05;2,48496925807344;3,61383074192656;28
"...does not sufficiently allow for deviations according to project circumstances that cannot be formalised (e.g., politically motivated underspecified requirements)";2,7;2,21095847251075;3,18054152748925;28
"...does not fit to the variety of our projects  (e.g., size or technical domains).";2,7;2,098535856778;3,295064143222;28
"...does not sufficiently define roles and responsibilities";2,5;2,03985006744977;2,98584993255023;28
