"";"Estimate";"95Conf.int.low";"95Conf.int.up";"NRespondents"
"Communication flaws within the project development team";3,16666666666667;2,82342081163246;3,49398659577494;71
"Communication flaws between developers and the customer";3,74074074074074;3,4671851009741;4,0201111953222;71
"Terminological problems";3,14814814814815;2,81688785329752;3,47714918373952;71
"Unclear responsibilities";3,07407407407407;2,72328562347926;3,42656622837259;71
"Incomplete";3,27777777777778;2,96738515105887;3,57713336745965;71
"Implicit requirements not made explicit";3,62962962962963;3,33681419972075;3,91633394842739;71
"Insufficient support by project lead";2,75925925925926;2,46678642924542;3,07180616334717;71
"Insufficient support by customer";3,27777777777778;2,93834256517031;3,60339817557043;71
"Stakeholders with difficulties in separating requirements from previously known solution designs";3,72222222222222;3,46564191343224;3,97261734582702;71
"Inconsistent requirements";3,22222222222222;2,91962102360266;3,50526786528622;71
"Missing traceability";3,03703703703704;2,68919979037659;3,37083724666045;71
"Moving targets (changing goals, business processes and / or requirements)";3,55555555555556;3,22789026881662;3,89296158303523;71
"""Gold plating"" (implementation of features without corresponding requirements)";3,38888888888889;3,10525543232325;3,67837419730638;71
"Weak access to customer needs and / or (internal) business information";3,33333333333333;3,02721812599524;3,65211520733809;71
"Weak knowledge of customer's application domain";2,87037037037037;2,518572637635;3,21313106606871;71
"Weak relationship between customer and project lead";2,83333333333333;2,48433817825259;3,16199515508074;71
"Time boxing / Not enough time in general";3,59259259259259;3,28704676756495;3,89780508428691;71
"Discrepancy between high degree of innovation and need for formal acceptance of (potentially wrong / incomplete / unknown) requirements";3,11111111111111;2,86633067037231;3,35563229259065;71
"Technically unfeasible requirements";2,51851851851852;2,23538099846997;2,79310048301151;71
"Underspecified requirements that are too abstract and allow for various interpretations";3,46296296296296;3,20506747725779;3,72819178200147;71
"Unclear / unmeasurable non-functional requirements";3,24074074074074;2,94376564548636;3,54482694710624;71
"Volatile customer's business domain regarding, e.g., changing points of contact, business processes or requirements";2,96296296296296;2,66284679859975;3,24581986806691;71
