"";"Estimate";"95Conf.int.low";"95Conf.int.up";"NRespondents"
"...is too hard to understand";2,22413793103448;1,96230397446775;2,49893740484259;71
"...is too complex";2,22413793103448;1,93133132439299;2,52718591698632;71
"...is too abstract";2,51724137931034;2,23800121763131;2,79848154098938;71
"...does not support the specification of precise requirements";2,51724137931034;2,19553802783607;2,83739300664668;71
"...does not scale to our projects' high complexity";2,29310344827586;1,99410215268491;2,60175991628061;71
"...is too heavy weight for our projects (e.g., it does not support agility)";2,72413793103448;2,40772473627043;3,04779250510888;71
"...is not flexible enough (e.g., it offers no means to tackle moving targets / change-intensive requirements)";2,5;2,18056255956684;2,81105813008833;71
"...does not sufficiently define a clear terminology";2,70689655172414;2,38378286669747;3,01428609881977;71
"...gives no guidance on how to create the specification documents";2,58620689655172;2,29634661255537;2,87896373227222;71
"...does not sufficiently allow for deviations according to project circumstances that cannot be formalised (e.g., politically motivated underspecified requirements)";2,53448275862069;2,26128032313992;2,80082312513594;71
"...does not fit to the variety of our projects  (e.g., size or technical domains).";2,5;2,20124070528131;2,79075929471869;71
"...does not sufficiently define roles and responsibilities";2,53448275862069;2,24336577380199;2,82022043309456;71
