"";"OtherSelected";"Value"
"1";"0";NA
"2";"0";NA
"3";"0";NA
"5";"0";NA
"6";"0";NA
"7";"0";NA
"8";"0";NA
"9";"0";NA
"10";"0";NA
"11";"0";NA
"12";"1";"because RE is what we sell to our customers, and therefore we have to be at a high level of knowledge and quality"
"14";NA;NA
"15";"1";"part of overall improvement of SE practices"
"16";"1";"Achieve higher efficiency and quality"
"17";"0";NA
"18";"0";NA
"19";"0";NA
"20";"0";NA
"22";"1";"Only by continuous improvement and evolution, the RM practices can be kept functioning and effective in a huge global product development organization"
"24";"0";NA
"25";"0";NA
"27";"0";NA
"28";"0";NA
"29";"0";NA
"30";"0";NA
"31";"0";NA
"33";"0";NA
"34";"0";NA
"35";"0";NA
"36";"0";NA
"39";"0";NA
"40";"1";"It helps us to meet our customers demands better and stabalizes our product quality"
"41";"0";NA
"43";"0";NA
"44";"1";"to accelerate projects and avoid mistakes made in the past"
"45";"1";"We want to show how important good RE is"
"46";NA;NA
"47";"0";NA
"48";"0";NA
"49";NA;NA
"50";"0";NA
