"";"NrQuoted";"NRespondents";"Estimate";"95Conf.int.low";"95Conf.int.up"
"It helps us to determine our strenghts and weaknesses and act accordingly";30;38;0,789473684210526;0,6604091042875;0,918696158870395
"An improvement is expected by our customer";7;38;0,184210526315789;0,058608470049695;0,306023108897673
"We conduct the improvement to obtain a certain certification.";2;38;0,0526315789473684;-0,0199343096437326;0,124513257012154
"An improvement is demanded by a regulation (e.g., CMMI, Cobit, or ITIL)";3;38;0,0789473684210526;-0,00414505045808543;0,165987155721243
