"";"NrQuoted";"NRespondents";"Estimate";"95Conf.int.low";"95Conf.int.up"
"No";3;41;0,0731707317073171;-0,00834863463648337;0,1555193663438
"Yes, our project teams improve requirements engineering.";16;41;0,390243902439024;0,236999535792194;0,542219976402928
"Yes, we improve our requirements engineering via an own business unit / role.";19;41;0,463414634146341;0,307525758493171;0,620474241506829
"Yes, we improve our requirements engineering via external consultants.";3;41;0,0731707317073171;-0,00557587051443571;0,150161236368094
