"";"Estimate";"95Conf.int.low";"95Conf.int.up";"NRespondents"
"Communication flaws within the project development team";3,61818181818182;3,2161507250641;4,0278492749359;74
"Communication flaws between developers and the customer";3,78181818181818;3,41569409186245;4,13626954450118;74
"Terminological problems";2,54545454545455;2,15865935168511;2,90134064831489;74
"Unclear responsibilities";2,45454545454545;2,02828890927529;2,86974745436107;74
"Incomplete";3,74545454545455;3,38742674730053;4,10508234360856;74
"Implicit requirements not made explicit";3,89090909090909;3,56052242694759;4,22082302759786;74
"Insufficient support by project lead";2,41818181818182;2,06333205011182;2,77681340443364;74
"Insufficient support by customer";3,16363636363636;2,78824427544853;3,53499208818783;74
"Stakeholders with difficulties in separating requirements from previously known solution designs";3,32727272727273;2,96272183123695;3,68487816876305;74
"Inconsistent requirements";3,09090909090909;2,7187160076085;3,4689930833006;74
"Missing traceability";2,92727272727273;2,51722095051191;3,357869958579;74
"Moving targets (changing goals, business processes and / or requirements)";3,41818181818182;3,02862512503098;3,79537487496902;74
"""Gold plating"" (implementation of features without corresponding requirements)";3,09090909090909;2,70050974402908;3,48007207415274;74
"Weak access to customer needs and / or (internal) business information";2,72727272727273;2,36171491901916;3,11497599007175;74
"Weak knowledge of customer's application domain";2,61818181818182;2,24497548232201;2,97884269949617;74
"Weak relationship between customer and project lead";2,65454545454545;2,22752487339711;3,07032967205743;74
"Time boxing / Not enough time in general";2,89090909090909;2,47999899252627;3,28418282565555;74
"Discrepancy between high degree of innovation and need for formal acceptance of (potentially wrong / incomplete / unknown) requirements";2,56363636363636;2,16153403583266;2,95468414598552;74
"Technically unfeasible requirements";2,10909090909091;1,76816630369046;2,46321551449135;74
"Underspecified requirements that are too abstract and allow for various interpretations";3,27272727272727;2,87321208674256;3,65715154962108;74
"Unclear / unmeasurable non-functional requirements";3,58181818181818;3,21628934309658;3,95549247508524;74
"Volatile customer's business domain regarding, e.g., changing points of contact, business processes or requirements";2,90909090909091;2,49159762717696;3,31934782736849;74
