"";"Estimate";"95Conf.int.low";"95Conf.int.up";"NRespondents"
"...is too hard to understand";1,88333333333333;1,59438724474152;2,17534608859181;74
"...is too complex";1,7;1,44625010735847;1,9451165593082;74
"...is too abstract";1,95;1,61253519093886;2,28526480906114;74
"...does not support the specification of precise requirements";2,38333333333333;1,99866224416794;2,7805710891654;74
"...does not scale to our projects' high complexity";2,23333333333333;1,84054534560878;2,63022132105788;74
"...is too heavy weight for our projects (e.g., it does not support agility)";1,96666666666667;1,62913308438333;2,29196691561667;74
"...is not flexible enough (e.g., it offers no means to tackle moving targets / change-intensive requirements)";1,95;1,6521277266098;2,24103894005687;74
"...does not sufficiently define a clear terminology";2,15;1,77491218910155;2,52205447756511;74
"...gives no guidance on how to create the specification documents";2,01666666666667;1,66084927367992;2,37538405965341;74
"...does not sufficiently allow for deviations according to project circumstances that cannot be formalised (e.g., politically motivated underspecified requirements)";2,26666666666667;1,89375106778947;2,63138226554386;74
"...does not fit to the variety of our projects  (e.g., size or technical domains).";1,88333333333333;1,55633930468674;2,20476069531326;74
"...does not sufficiently define roles and responsibilities";2,05;1,67930387519109;2,40749612480891;74
