"";"NrQuoted";"NRespondents";"Estimate";"95Conf.int.low";"95Conf.int.up"
"A standard that is predefined according to a regulation (e.g., ITIL)";0;8;0;0;0
"A standard that is predefined by the development process (e.g., Rational Unified Process, Scrum)";4;8;0,5;0,150085067872007;0,853164932127993
"An own standard that defines the coarse process with deliverables, milestones, and phases";2;8;0,25;-0,0584320362760556;0,548432036276056
"An own standard that defines the process including roles and responsibilities.";3;8;0,375;0,0320971858755785;0,726902814124421
"An own standard that defines artefacts and offers document templates";1;8;0,125;-0,0949784588285283;0,352228458828528
"None";2;8;0,25;-0,0452967794197362;0,548046779419736
