"";"NrQuoted";"NRespondents";"Estimate";"95Conf.int.low";"95Conf.int.up"
"We have a continuous change management.";22;74;0,297297297297297;0,193468782501003;0,399017703985484
"We have a change management approach that applies after formally accepting a requirements specification.";28;74;0,378378378378378;0,270925599317971;0,483560887168515
"We have a change management that applies during RE.";20;74;0,27027027027027;0,167429430966471;0,376084082547043
"We do not consider a change management in RE.";9;74;0,121621621621622;0,0433700427001139;0,196900227570156
