"";"NrQuoted";"NRespondents";"Estimate";"95Conf.int.low";"95Conf.int.up"
"Via project assessments";27;74;0,364864864864865;0,256765916193189;0,476639489212216
"Via analytical quality assurance, e.g., as part of quality gates";27;74;0,364864864864865;0,255699844739551;0,472327182287476
"Via constructive quality assurance, e.g., via checklists or templates";32;74;0,432432432432432;0,315359872273607;0,549748235834501
"It is not checked.";10;74;0,135135135135135;0,0585598996666164;0,211169830063113
