"";"OtherSelected";"Value"
"3";"0";NA
"4";"0";NA
"5";"0";NA
"6";"0";NA
"7";"0";NA
"8";"0";NA
"9";"0";NA
"11";"0";NA
"13";"0";NA
"15";"0";NA
"16";"0";NA
"17";"0";NA
"19";"0";NA
"20";"0";NA
"21";"0";NA
"22";"0";NA
"25";"0";NA
"31";"0";NA
"32";"0";NA
"35";"0";NA
"36";"0";NA
"37";"0";NA
"39";"0";NA
"41";"0";NA
"42";"0";NA
"44";"1";"N<U+00E3>o s<U+00E3>o realizadas adapta<U+00E7><U+00F5>es."
"45";"0";NA
"46";"0";NA
"47";"0";NA
"48";"0";NA
"49";"0";NA
"50";"1";"n<U+00E3>o tem padr<U+00E3>o, cada projeto adota sua engenharia de requisitos"
"51";"1";"O processo prev<U+00EA> adapta<U+00E7><U+00F5>es e a pol<U+00ED>tica organizacional possibilita que outras adapta<U+00E7><U+00F5>es podem ser realizadas mediante autoriza<U+00E7><U+00E3>o da coordena<U+00E7><U+00E3>o da f<U+00E1>brica e ci<U+00EA>ncia do grupo de processos"
"54";"0";NA
"55";"0";NA
"56";"0";NA
"57";"0";NA
"58";"0";NA
"59";"0";NA
"60";"0";NA
"62";"0";NA
"63";"0";NA
"64";"0";NA
"65";"0";NA
"70";"0";NA
"71";"0";NA
"72";"0";NA
"73";"0";NA
"74";"0";NA
"75";"0";NA
"77";"0";NA
"78";"0";NA
"79";"0";NA
"80";"0";NA
"81";"0";NA
"82";"0";NA
"84";"0";NA
"85";"0";NA
"86";"0";NA
"88";"0";NA
"89";"0";NA
"90";"0";NA
"91";"0";NA
"93";"0";NA
"94";"0";NA
"96";"0";NA
"97";"0";NA
"99";"0";NA
"101";"0";NA
"102";"0";NA
"104";"0";NA
"107";"0";NA
"108";"0";NA
"109";"0";NA
