"";"NrQuoted";"NRespondents";"Estimate";"95Conf.int.low";"95Conf.int.up"
"We have defined a tailoring approach that continuously guides the application of the standard in our project";23;74;0,310810810810811;0,209436540039881;0,416563459960119
"We have tool support for tailoring our Requirements Engineering standard";22;74;0,297297297297297;0,194519996920417;0,399939462539042
"At the beginning of a project, the project lead / requirements engineer tailors the standard based on experiences";17;74;0,22972972972973;0,131903787869074;0,326069185103899
"We do not consider a particular tailoring approach";9;74;0,121621621621622;0,0495451783437486;0,196265632467062
