"";"Estimate";"95Conf.int.low";"95Conf.int.up";"NRespondents"
"Compliance to regulations and standards (like CMMI)";3,96923076923077;3,65737507628542;4,27548646217612;74
"Seamless development by integrating Requirements Engineering into the development process";4,43076923076923;4,1958078599152;4,69625367854634;74
"Better tool support";3,96923076923077;3,66983500016133;4,28210346137713;74
"Formal prerequisite for project acquisition in your domain";3,35384615384615;2,99294382236426;3,69545617763574;74
"Support of distributed development";3,24615384615385;2,90372778529758;3,58193375316396;74
"Better support of progress control";4,15384615384615;3,87677505406723;4,44208648439431;74
"Better quality assurance of the artefacts (e.g., within quality gates)";4,50769230769231;4,29389186098989;4,72376967747165;74
"Support of benchmarks and / or comparison of different projects";3,92307692307692;3,61901188404124;4,21135734672799;74
"Support of project management and planning";4,4;4,17079983562843;4,62344631821773;74
"Higher efficiency";4,41538461538462;4,17188751843536;4,65340478925695;74
"Knowledge transfer";4,36923076923077;4,12532861539822;4,6209483076787;74
