"";"NrQuoted";"NRespondents";"Estimate";"95Conf.int.low";"95Conf.int.up"
"A standard that is predefined according to a regulation (e.g., ITIL)";38;74;0,513513513513513;0,397961498556927;0,624497960902533
"A standard that is predefined by the development process (e.g., Rational Unified Process, Scrum)";24;74;0,324324324324324;0,222378107356815;0,428081352102645
"An own standard that defines the coarse process with deliverables, milestones, and phases";19;74;0,256756756756757;0,160049196108239;0,357734587675545
"An own standard that defines the process including roles and responsibilities.";18;74;0,243243243243243;0,144980758348148;0,341289511922123
"An own standard that defines artefacts and offers document templates";18;74;0,243243243243243;0,140783721699458;0,345297359381623
"None";1;74;0,0135135135135135;-0,0121761337777805;0,0389869445885913
