"";"Estimate";"95Conf.int.low";"95Conf.int.up";"NRespondents"
"Communication flaws within the project development team";3,18181818181818;2,8413567398192;3,53706750260504;41
"Communication flaws between developers and the customer";3,42424242424242;3,05327125899579;3,79430449857997;41
"Terminological problems";3,18181818181818;2,86478953504853;3,52163470737571;41
"Unclear responsibilities";3;2,62911342853115;3,36155323813552;41
"Incomplete";3,57575757575758;3,18509056434041;3,98163670838686;41
"Implicit requirements not made explicit";3,81818181818182;3,46034993275598;4,17892279451675;41
"Insufficient support by project lead";2,6969696969697;2,32222106358695;3,05244560307972;41
"Insufficient support by customer";3,09090909090909;2,70507057251185;3,45929306385179;41
"Stakeholders with difficulties in separating requirements from previously known solution designs";4,03030303030303;3,75600634408382;4,30859971652224;41
"Inconsistent requirements";3,12121212121212;2,69800225044149;3,54357350713427;41
"Missing traceability";2,84848484848485;2,41839204540152;3,28148674247727;41
"Moving targets (changing goals, business processes and / or requirements)";3,66666666666667;3,24578217889328;4,12118751807641;41
"""Gold plating"" (implementation of features without corresponding requirements)";2,90909090909091;2,52528625585092;3,28641071384605;41
"Weak access to customer needs and / or (internal) business information";2,96969696969697;2,56758885385717;3,38701720674889;41
"Weak knowledge of customer's application domain";2,21212121212121;1,830874753735;2,59088282202257;41
"Weak relationship between customer and project lead";2,24242424242424;1,92104708606291;2,56174079272497;41
"Time boxing / Not enough time in general";3,3030303030303;2,83689922137759;3,7920704755921;41
"Discrepancy between high degree of innovation and need for formal acceptance of (potentially wrong / incomplete / unknown) requirements";3,09090909090909;2,68827048654708;3,49172951345292;41
"Technically unfeasible requirements";2,54545454545455;2,22225010134188;2,85320444411267;41
"Underspecified requirements that are too abstract and allow for various interpretations";2,93939393939394;2,54429984982541;3,31212439259884;41
"Unclear / unmeasurable non-functional requirements";3,39393939393939;3,02685464071304;3,76587263201423;41
"Volatile customer's business domain regarding, e.g., changing points of contact, business processes or requirements";2,90909090909091;2,50572590400128;3,31245591418053;41
