"";"Estimate";"95Conf.int.low";"95Conf.int.up";"NRespondents"
"...is too hard to understand";2,05882352941176;1,72067885214343;2,38461526550363;41
"...is too complex";2;1,63322681140903;2,36712612976744;41
"...is too abstract";2,08823529411765;1,70106260964703;2,48805503741179;41
"...does not support the specification of precise requirements";2,05882352941176;1,64835510913239;2,46435077322055;41
"...does not scale to our projects' high complexity";2,05882352941176;1,65961328988008;2,44562200423757;41
"...is too heavy weight for our projects (e.g., it does not support agility)";2;1,60110483351715;2,40977751942402;41
"...is not flexible enough (e.g., it offers no means to tackle moving targets / change-intensive requirements)";2,23529411764706;1,80338386118735;2,67643966822441;41
"...does not sufficiently define a clear terminology";2,32352941176471;1,84553023758548;2,8193521153557;41
"...gives no guidance on how to create the specification documents";2,20588235294118;1,72830331950809;2,70252020990367;41
"...does not sufficiently allow for deviations according to project circumstances that cannot be formalised (e.g., politically motivated underspecified requirements)";2,11764705882353;1,70407685153617;2,52639373669912;41
"...does not fit to the variety of our projects  (e.g., size or technical domains).";2,29411764705882;1,87555599240946;2,71479694876701;41
"...does not sufficiently define roles and responsibilities";2,64705882352941;2,17896854899339;3,10173733335956;41
