"";"option.other.data.subset"
"1";NA
"2";NA
"3";NA
"4";NA
"5";NA
"6";NA
"7";NA
"8";NA
"9";NA
"10";NA
"11";NA
"12";NA
"13";NA
"14";NA
"15";"Trabalhamos com documenta<U+00E7><U+00E3>o da solicita<U+00E7><U+00E3>o de mudan<U+00E7>a a ser atendida no projeto ou atualizamos nosso backlog."
"16";NA
"17";NA
"18";"Registramos as solicita<U+00E7><U+00F5>es de mudan<U+00E7>a, analisamos os impactos e s<U+00F3> ap<U+00F3>s aprova<U+00E7><U+00E3>o formal do cliente, atualizamos a especifica<U+00E7><U+00E3>o de requisitos, desalocando e/ou alocando requisitos, gerando assim, uma nova vers<U+00E3>o"
"19";NA
"20";NA
"21";NA
"22";NA
"23";NA
"24";NA
"25";NA
"26";"Todos os projetos tem especifica<U+00E7><U+00E3>o de requisitos atualizada. Nos processos baseados em Scrum tamb<U+00E9>m <U+00E9> atualizado o backlog."
"27";NA
"28";NA
"29";NA
"30";NA
"31";NA
"32";NA
"33";NA
"34";NA
"35";NA
"36";NA
"37";NA
"38";NA
"39";NA
"40";NA
"41";NA
"42";NA
"43";NA
"44";NA
"45";NA
"46";NA
"47";NA
"48";NA
"49";NA
"50";NA
"51";NA
"52";NA
"53";NA
"54";NA
"55";NA
"56";NA
"57";NA
"58";NA
"59";NA
"60";NA
"61";NA
"62";"Das 3 formas acima, conforme a maturidade da equipe/projeto"
"63";NA
"64";NA
"65";NA
"66";"Requisi<U+00E7><U+00F5>es de mudan<U+00E7>as mas n<U+00E3>o de forma restrita"
"67";NA
"68";NA
"69";NA
"70";NA
"71";NA
"72";"Quando o cliente solicita uma mudan<U+00E7>a de requisitos o projeto sofre um replanejamento e as estimativas s<U+00E3>o refeitas."
"73";NA
"74";NA
