"";"OtherSelected";"Value"
"1";"0";NA
"2";"1";"Licita<U+00E7><U+00F5>es com Requisitos ja estabelecidos"
"3";"0";NA
"4";"0";NA
"5";"0";NA
"6";"1";"Question<U+00E1>rios estruturados"
"7";"0";NA
"8";"0";NA
"9";"0";NA
"10";"0";NA
"11";"0";NA
"12";"0";NA
"13";"1";"Depende muito do cliente e do projeto, a abordagem pode variar para cada situa<U+00E7><U+00E3>o"
"14";"0";NA
"15";"1";"Levantamento de requisitos na implanta<U+00E7><U+00E3>o."
"16";"0";NA
"17";"0";NA
"18";"0";NA
"19";"0";NA
"20";"0";NA
"21";"0";NA
"22";"0";NA
"23";"0";NA
"24";"0";NA
"25";"0";NA
"26";"0";NA
"27";"0";NA
"28";"0";NA
"29";"0";NA
"30";"0";NA
"31";"0";NA
"32";"1";"Use cases"
"33";"0";NA
"34";"0";NA
"35";"0";NA
"36";"1";"Coment<U+00E1>rios de usu<U+00E1>rios em sites dos produtos e, tamb<U+00E9>m, coment<U+00E1>rios na loja de aplica<U+00E7><U+00F5>es. Temos ainda um site no qual o usu<U+00E1>rio pode informar o que gostaria que um produto passasse a possuir."
"37";"0";NA
"38";"0";NA
"39";"0";NA
"40";"0";NA
"41";"0";NA
"42";"0";NA
"43";"0";NA
"44";"0";NA
"45";"0";NA
"46";"0";NA
"47";"0";NA
"48";"0";NA
"49";"0";NA
"50";"0";NA
"51";"0";NA
"52";"0";NA
"53";"0";NA
"54";"1";"Regras de neg<U+00F3>cio"
"55";"0";NA
"56";"0";NA
"57";"0";NA
"58";"0";NA
"59";"0";NA
"60";"0";NA
"61";"0";NA
"62";"0";NA
"63";"0";NA
"64";"0";NA
"65";"0";NA
"66";"0";NA
"67";"0";NA
"68";"0";NA
"69";"0";NA
"70";"0";NA
"71";"0";NA
"72";"0";NA
"73";"1";"An<U+00E1>lise de documenta<U+00E7><U+00E3>o existente"
"74";"0";NA
