"";"NrQuoted";"NRespondents";"Estimate";"95Conf.int.low";"95Conf.int.up"
"Free form textual (Domain/Business Process Models)";27;74;0,364864864864865;0,252473970553302;0,479012515933185
"Free form textual (Use Case Models)";13;74;0,175675675675676;0,0877870307274944;0,263104861164398
"Free form textual (Goal Models)";18;74;0,243243243243243;0,149513952479592;0,342459020493381
"Free form textual (Data Models)";8;74;0,108108108108108;0,0379074849411817;0,182470893437197
"Free form textual (Structured Requirements Lists)";33;74;0,445945945945946;0,334236073731432;0,556547710052352
"Textual with constraints (Domain/Business Process Models)";19;74;0,256756756756757;0,155755036222054;0,356677396210379
"Textual with constraints (Use Case Models)";21;74;0,283783783783784;0,177300951607579;0,388482832176205
"Textual with constraints (Goal Models)";9;74;0,121621621621622;0,0480692080467204;0,194903764926253
"Textual with constraints (Data Models)";7;74;0,0945945945945946;0,0280251912257442;0,160515349314796
"Textual with constraints (Structured Requirements Lists)";27;74;0,364864864864865;0,251926346522498;0,468154734558583
"Semi-formal (UML) (Domain/Business Process Models)";15;74;0,202702702702703;0,11120802704866;0,296089270248637
"Semi-formal (UML) (Use Case Models)";30;74;0,405405405405405;0,294412903068682;0,518533042877264
"Semi-formal (UML) (Goal Models)";4;74;0,0540540540540541;0,00404123970233151;0,105120922459831
"Semi-formal (UML) (Data Models)";23;74;0,310810810810811;0,205046818302868;0,41879101953497
"Semi-formal (UML) (Structured Requirements Lists)";7;74;0,0945945945945946;0,0290851784987272;0,159536443122894
"Formal  (Domain/Business Process Models)";11;74;0,148648648648649;0,0694620951076698;0,228591958946384
"Formal  (Use Case Models)";9;74;0,121621621621622;0,0462317451357476;0,198092579188577
"Formal  (Goal Models)";4;74;0,0540540540540541;0,00302515486725722;0,106245115403013
"Formal  (Data Models)";13;74;0,175675675675676;0,0861936595202828;0,263671205344582
"Formal  (Structured Requirements Lists)";12;74;0,162162162162162;0,0798787036617401;0,246364539581503
