"";"option.other.data.subset"
"1";NA
"2";NA
"3";NA
"4";NA
"5";NA
"6";NA
"7";NA
"8";NA
"9";NA
"10";NA
"11";NA
"12";NA
"13";NA
"14";NA
"15";NA
"16";NA
"17";NA
"18";"Existe uma orienta<U+00E7><U+00E3>o para especifica<U+00E7><U+00E3>o quantific<U+00E1>vel e isso vem sendo observado nas verifica<U+00E7><U+00F5>es de qualidade, mas ainda n<U+00E3>o se apresenta como uma pr<U+00E1>tica arraigada."
"19";NA
"20";"Hist<U+00F3>rias de Usu<U+00E1>rio"
"21";NA
"22";NA
"23";NA
"24";NA
"25";NA
"26";NA
"27";NA
"28";NA
"29";NA
"30";NA
"31";NA
"32";"varia conforme projeto"
"33";NA
"34";NA
"35";NA
"36";NA
"37";NA
"38";NA
"39";"Cart<U+00F5>es padronizados fixados no User Story Map do Projeto"
"40";NA
"41";NA
"42";NA
"43";NA
"44";NA
"45";NA
"46";NA
"47";NA
"48";NA
"49";NA
"50";NA
"51";NA
"52";NA
"53";NA
"54";NA
"55";NA
"56";NA
"57";NA
"58";NA
"59";NA
"60";NA
"61";"No geral, n<U+00E3>o <U+00E9> descrito. "
"62";NA
"63";NA
"64";NA
"65";NA
"66";NA
"67";NA
"68";NA
"69";NA
"70";NA
"71";NA
"72";NA
"73";NA
"74";NA
