"";"OtherSelected";"Value"
"1";"0";NA
"2";"0";NA
"3";"0";NA
"4";"0";NA
"5";"1";"req-req; req-uc; uc-codigoFonte"
"6";"0";NA
"7";"0";NA
"8";"0";NA
"9";"0";NA
"10";"0";NA
"11";"0";NA
"12";"0";NA
"13";"0";NA
"14";"0";NA
"15";"0";NA
"16";"0";NA
"17";"0";NA
"18";"0";NA
"19";"0";NA
"20";"0";NA
"21";"0";NA
"22";"0";NA
"23";"1";"rastreabilidade entre requisitos. rastreabilidade com c<U+00F3>digo <U+00E9> poss<U+00ED>vel mas ainda incipiente."
"24";"0";NA
"25";"0";NA
"26";"0";NA
"27";"0";NA
"28";"1";"Requisito e casos de teste"
"29";"0";NA
"30";"0";NA
"31";"0";NA
"32";"0";NA
"33";"0";NA
"34";"0";NA
"35";"0";NA
"36";"0";NA
"37";"0";NA
"38";"0";NA
"39";"1";"Rastreabilidade de requisitos, documentos do projeto, commits, c<U+00F3>digo"
"40";"0";NA
"41";"0";NA
"42";"0";NA
"43";"0";NA
"44";"0";NA
"45";"0";NA
"46";"0";NA
"47";"0";NA
"48";"0";NA
"49";"0";NA
"50";"0";NA
"51";"0";NA
"52";"0";NA
"53";"0";NA
"54";"1";"Entre requisitos e demanda, requisito e requisito"
"55";"0";NA
"56";"0";NA
"57";"1";"Entre requisitos, documentos del proyecto y c<U+00F3>digo"
"58";"0";NA
"59";"0";NA
"60";"0";NA
"61";"0";NA
"62";"1";"Requisito x Requisito"
"63";"0";NA
"64";"0";NA
"65";"0";NA
"66";"1";"RequisitoxRequisito, requisitoxUCS"
"67";"0";NA
"68";"0";NA
"69";"0";NA
"70";"0";NA
"71";"0";NA
"72";"1";"Rastreabilidade entre requisitos e casos de teste. "
"73";"0";NA
"74";"0";NA
