"";"NrQuoted";"NRespondents";"Estimate";"95Conf.int.low";"95Conf.int.up"
"We have a continuous change management.";81;215;0,376744186046512;0,312929608040933;0,440419229168369
"We have a change management approach that applies after formally accepting a requirements specification.";72;215;0,334883720930233;0,269254399022763;0,398559554465609
"We have a change management that applies during RE.";35;215;0,162790697674419;0,114100724442404;0,212569042999457
"We do not consider a change management in RE.";36;215;0,167441860465116;0,119626383163058;0,217117802883453
