"";"NrQuoted";"NRespondents";"Estimate";"95Conf.int.low";"95Conf.int.up"
"We have defined a tailoring approach that continuously guides the application of the standard in our project";44;215;0,204651162790698;0,1503145153593;0,258755252082561
"We have tool support for tailoring our Requirements Engineering standard";40;215;0,186046511627907;0,134113268191112;0,238072778320516
"At the beginning of a project, the project lead / requirements engineer tailors the standard based on experiences";82;215;0,381395348837209;0,317068488895695;0,443880348313607
"We do not consider a particular tailoring approach";51;215;0,237209302325581;0,182860331095326;0,293335017741883
