"";"NrQuoted";"NRespondents";"Estimate";"95Conf.int.low";"95Conf.int.up"
"Via project assessments";88;215;0,409302325581395;0,342363498558177;0,476855106092986
"Via analytical quality assurance, e.g., as part of quality gates";61;215;0,283720930232558;0,223219906039189;0,343887070704997
"Via constructive quality assurance, e.g., via checklists or templates";76;215;0,353488372093023;0,290281914794336;0,416787852647525
"It is not checked.";38;215;0,176744186046512;0,126315153255269;0,226205776977289
