"";"Estimate";"95Conf.int.low";"95Conf.int.up";"NRespondents"
"Compliance to regulations and standards (like CMMI)";3,52879581151832;3,34072131531903;3,72127868468097;228
"Seamless development by integrating Requirements Engineering into the development process";4,25130890052356;4,10723844759443;4,4001856361752;228
"Better tool support";3,71727748691099;3,54877070574802;3,87490468692213;228
"Formal prerequisite for project acquisition in your domain";3,13612565445026;2,95914470550174;3,31639456151396;228
"Support of distributed development";3,59685863874346;3,42915666850286;3,76363914301546;228
"Better support of progress control";4,02094240837696;3,86085501636796;4,17471566426032;228
"Better quality assurance of the artefacts (e.g., within quality gates)";4,29842931937173;4,17155175742961;4,42557913262275;228
"Support of benchmarks and / or comparison of different projects";3,5130890052356;3,33864697225601;3,68584517434085;228
"Support of project management and planning";4,20418848167539;4,07148951482227;4,34372514486359;228
"Higher efficiency";4,26701570680628;4,13977725424305;4,39514421172553;228
"Knowledge transfer";4,2565445026178;4,11230583830696;4,39857374284487;228
