"";"NrQuoted";"NRespondents";"Estimate";"95Conf.int.low";"95Conf.int.up"
"No";4;13;0,307692307692308;0,0569789895973454;0,560867164248809
"Yes, our project teams improve requirements engineering.";6;13;0,461538461538462;0,183994025839445;0,738467512622094
"Yes, we improve our requirements engineering via an own business unit / role.";1;13;0,0769230769230769;-0,068676507303226;0,216830353457072
"Yes, we improve our requirements engineering via external consultants.";2;13;0,153846153846154;-0,0341498892611283;0,349534504645744
