"";"NrQuoted";"NRespondents";"Estimate";"95Conf.int.low";"95Conf.int.up"
"It helps us to determine our strenghts and weaknesses and act accordingly";7;10;0,7;0,422971441711826;0,985228558288174
"An improvement is expected by our customer";2;10;0,2;-0,03588935282948;0,45128935282948
"We conduct the improvement to obtain a certain certification.";1;10;0,1;-0,0874112908596837;0,284611290859684
"An improvement is demanded by a regulation (e.g., CMMI, Cobit, or ITIL)";1;10;0,1;-0,0872378939317953;0,285637893931795
