"";"Estimate";"95Conf.int.low";"95Conf.int.up";"NRespondents"
"Communication flaws within the project development team";3,61818181818182;3,20998308020435;4,03314419252292;74
"Communication flaws between developers and the customer";3,78181818181818;3,42492207910213;4,1463506481706;74
"Terminological problems";2,54545454545455;2,18183516110649;2,9086739298026;74
"Unclear responsibilities";2,45454545454545;2,05221527038813;2,83854836597551;74
"Incomplete";3,74545454545455;3,39614007507382;4,09011447038072;74
"Implicit requirements not made explicit";3,89090909090909;3,56500361543033;4,22157820275149;74
"Insufficient support by project lead";2,41818181818182;2,05024774920256;2,78629770534289;74
"Insufficient support by customer";3,16363636363636;2,77111946269554;3,54877144639537;74
"Stakeholders with difficulties in separating requirements from previously known solution designs";3,32727272727273;2,96858799634285;3,70573927638442;74
"Inconsistent requirements";3,09090909090909;2,71776562296551;3,47194346794358;74
"Missing traceability";2,92727272727273;2,50964487984704;3,34115512015296;74
"Moving targets (changing goals, business processes and / or requirements)";3,41818181818182;3,01335367641976;3,80751905085297;74
"""Gold plating"" (implementation of features without corresponding requirements)";3,09090909090909;2,67348619728202;3,5102956208998;74
"Weak access to customer needs and / or (internal) business information";2,72727272727273;2,34086063156754;3,12379391388701;74
"Weak knowledge of customer's application domain";2,61818181818182;2,25638026228263;2,99940155589919;74
"Weak relationship between customer and project lead";2,65454545454545;2,24255873491072;3,06133217418019;74
"Time boxing / Not enough time in general";2,89090909090909;2,48359635027433;3,2892763769984;74
"Discrepancy between high degree of innovation and need for formal acceptance of (potentially wrong / incomplete / unknown) requirements";2,56363636363636;2,16275896012214;2,9466955853324;74
"Technically unfeasible requirements";2,10909090909091;1,76257972781464;2,447783908549;74
"Underspecified requirements that are too abstract and allow for various interpretations";3,27272727272727;2,88941106526008;3,65182529837629;74
"Unclear / unmeasurable non-functional requirements";3,58181818181818;3,21822924070789;3,94715257747393;74
"Volatile customer's business domain regarding, e.g., changing points of contact, business processes or requirements";2,90909090909091;2,50527651626343;3,31265075646384;74
