"";"Estimate";"95Conf.int.low";"95Conf.int.up";"NRespondents"
"...is too hard to understand";1,88333333333333;1,58754878054641;2,18018455278692;74
"...is too complex";1,7;1,45825230402217;1,96304769597783;74
"...is too abstract";1,95;1,62556738908143;2,2760659442519;74
"...does not support the specification of precise requirements";2,38333333333333;1,98589081920618;2,79847584746049;74
"...does not scale to our projects' high complexity";2,23333333333333;1,84600534398968;2,62912798934365;74
"...is too heavy weight for our projects (e.g., it does not support agility)";1,96666666666667;1,65715122501321;2,28248210832012;74
"...is not flexible enough (e.g., it offers no means to tackle moving targets / change-intensive requirements)";1,95;1,65083840781107;2,24496159218893;74
"...does not sufficiently define a clear terminology";2,15;1,77693135898218;2,52096864101782;74
"...gives no guidance on how to create the specification documents";2,01666666666667;1,65871180784402;2,37222152548931;74
"...does not sufficiently allow for deviations according to project circumstances that cannot be formalised (e.g., politically motivated underspecified requirements)";2,26666666666667;1,91735995581471;2,61877337751862;74
"...does not fit to the variety of our projects  (e.g., size or technical domains).";1,88333333333333;1,54689339463788;2,20580660536212;74
"...does not sufficiently define roles and responsibilities";2,05;1,68186457381935;2,40536875951399;74
