"";"NrQuoted";"NRespondents";"Estimate";"95Conf.int.low";"95Conf.int.up"
"Free form textual (Domain/Business Process Models)";4;15;0,266666666666667;0,0347713275956623;0,489628672404338
"Free form textual (Use Case Models)";6;15;0,4;0,155328948766249;0,642137717900417
"Free form textual (Goal Models)";3;15;0,2;-0,00477741915276333;0,39784408581943
"Free form textual (Data Models)";2;15;0,133333333333333;-0,0366015113737082;0,305668178040375
"Free form textual (Structured Requirements Lists)";5;15;0,333333333333333;0,0950725258503816;0,572260807482952
"Textual with constraints (Domain/Business Process Models)";2;15;0,133333333333333;-0,0308112377194762;0,300677904386143
"Textual with constraints (Use Case Models)";6;15;0,4;0,159199796573113;0,660266870093554
"Textual with constraints (Goal Models)";3;15;0,2;0,00224990172836598;0,399616764938301
"Textual with constraints (Data Models)";6;15;0,4;0,156479569700562;0,654187096966105
"Textual with constraints (Structured Requirements Lists)";3;15;0,2;-0,00824165622140272;0,404774989554736
"Semi-formal (UML) (Domain/Business Process Models)";6;15;0,4;0,152217475524607;0,64684919114206
"Semi-formal (UML) (Use Case Models)";6;15;0,4;0,155636181438;0,654230485228666
"Semi-formal (UML) (Goal Models)";1;15;0,0666666666666667;-0,0603484380004245;0,194881771333758
"Semi-formal (UML) (Data Models)";7;15;0,466666666666667;0,221870633494774;0,717996033171893
"Semi-formal (UML) (Structured Requirements Lists)";2;15;0,133333333333333;-0,0452028921891825;0,306802892189182
"Formal  (Domain/Business Process Models)";3;15;0,2;-0,00602736555521816;0,401360698888552
"Formal  (Use Case Models)";5;15;0,333333333333333;0,0920598388724584;0,578073494460875
"Formal  (Goal Models)";1;15;0,0666666666666667;-0,0598116281548906;0,194344961488224
"Formal  (Data Models)";4;15;0,266666666666667;0,0541016724927496;0,481231660840584
"Formal  (Structured Requirements Lists)";1;15;0,0666666666666667;-0,0575960837958889;0,189462750462556
