"";"Estimate";"95Conf.int.low";"95Conf.int.up";"NRespondents"
"Communication flaws within the project development team";3,38461538461538;2,8291533406407;3,92838512089776;18
"Communication flaws between developers and the customer";3,76923076923077;3,2666127043987;4,27154114175515;18
"Terminological problems";3,53846153846154;2,88917858689519;4,17789833618174;18
"Unclear responsibilities";2,84615384615385;2,11507188057952;3,59323581172817;18
"Incomplete";3,46153846153846;2,85091743715308;4,05939025515462;18
"Implicit requirements not made explicit";3,61538461538462;3,02644437656575;4,21417100804963;18
"Insufficient support by project lead";3;2,30966770032782;3,67402460736449;18
"Insufficient support by customer";3,15384615384615;2,4401955640065;3,89965058983966;18
"Stakeholders with difficulties in separating requirements from previously known solution designs";3,23076923076923;2,68840787661527;3,77913058492319;18
"Inconsistent requirements";3,38461538461538;2,85302567100079;3,9412820213069;18
"Missing traceability";2,92307692307692;2,26672788670678;3,60573365175475;18
"Moving targets (changing goals, business processes and / or requirements)";3,92307692307692;3,44104363048269;4,42034098490192;18
"""Gold plating"" (implementation of features without corresponding requirements)";3,46153846153846;2,86057471006805;4,05942528993195;18
"Weak access to customer needs and / or (internal) business information";3,15384615384615;2,34331198875381;3,9743803189385;18
"Weak knowledge of customer's application domain";2,84615384615385;2,09706984729977;3,60939169116177;18
"Weak relationship between customer and project lead";2,53846153846154;1,7405653361303;3,34128081771585;18
"Time boxing / Not enough time in general";3,53846153846154;2,79802357925639;4,25613026689745;18
"Discrepancy between high degree of innovation and need for formal acceptance of (potentially wrong / incomplete / unknown) requirements";2,92307692307692;2,41138447236957;3,43692321993812;18
"Technically unfeasible requirements";2,15384615384615;1,56284542967902;2,74976995493636;18
"Underspecified requirements that are too abstract and allow for various interpretations";3,23076923076923;2,64010831222925;3,84881476469383;18
"Unclear / unmeasurable non-functional requirements";3,15384615384615;2,38219280707916;3,93657642369007;18
"Volatile customer's business domain regarding, e.g., changing points of contact, business processes or requirements";3,84615384615385;3,28157659366788;4,40980802171673;18
