"";"Estimate";"95Conf.int.low";"95Conf.int.up";"NRespondents"
"...is too hard to understand";1,8125;1,30220620508177;2,30266879491823;18
"...is too complex";1,875;1,35224680254644;2,40162819745356;18
"...is too abstract";1,875;1,35822476459935;2,40315023540065;18
"...does not support the specification of precise requirements";2,0625;1,47591020019991;2,64033979980009;18
"...does not scale to our projects' high complexity";2,125;1,49924223636782;2,73588276363218;18
"...is too heavy weight for our projects (e.g., it does not support agility)";2,375;1,77248096196867;2,96389403803133;18
"...is not flexible enough (e.g., it offers no means to tackle moving targets / change-intensive requirements)";1,875;1,41754117411154;2,34620882588846;18
"...does not sufficiently define a clear terminology";2,3125;1,69304517569441;2,89307982430559;18
"...gives no guidance on how to create the specification documents";2,5;1,86154240844413;3,16145759155587;18
"...does not sufficiently allow for deviations according to project circumstances that cannot be formalised (e.g., politically motivated underspecified requirements)";2,1875;1,75561494420355;2,61051005579645;18
"...does not fit to the variety of our projects  (e.g., size or technical domains).";2,375;1,80475759219397;2,95249240780603;18
"...does not sufficiently define roles and responsibilities";2,3125;1,81724306467818;2,83088193532182;18
