"";"NrQuoted";"NRespondents";"Estimate";"95Conf.int.low";"95Conf.int.up"
"A standard that is predefined according to a regulation (e.g., ITIL)";2;15;0,133333333333333;-0,0394734740768332;0,3085401407435
"A standard that is predefined by the development process (e.g., Rational Unified Process, Scrum)";7;15;0,466666666666667;0,214626483979605;0,722306849353729
"An own standard that defines the coarse process with deliverables, milestones, and phases";6;15;0,4;0,163535801835066;0,644330864831601
"An own standard that defines the process including roles and responsibilities.";6;15;0,4;0,15937683337063;0,64582316662937
"An own standard that defines artefacts and offers document templates";5;15;0,333333333333333;0,0976571109371393;0,569009555729527
"None";2;15;0,133333333333333;-0,0413447380898158;0,305078071423149
