"";"Estimate";"95Conf.int.low";"95Conf.int.up";"NRespondents"
"Communication flaws within the project development team";3,22222222222222;2,46221703247863;3,98178296752137;15
"Communication flaws between developers and the customer";3,66666666666667;2,84510037328347;4,46045518227209;15
"Terminological problems";3,22222222222222;2,50195868183233;3,97581909594545;15
"Unclear responsibilities";3,11111111111111;2,15840164841139;4,01004279603305;15
"Incomplete";3,33333333333333;2,45986356217295;4,17702532671594;15
"Implicit requirements not made explicit";3,77777777777778;2,99034231024664;4,5661021341978;15
"Insufficient support by project lead";2,77777777777778;2,18217773205815;3,38226671238629;15
"Insufficient support by customer";3,11111111111111;2,4556522186462;3,76679222579824;15
"Stakeholders with difficulties in separating requirements from previously known solution designs";3,77777777777778;3,1184436399289;4,43244524895999;15
"Inconsistent requirements";3,88888888888889;3,18029886343248;4,60881224767863;15
"Missing traceability";2,88888888888889;1,87504760812433;3,96806350298678;15
"Moving targets (changing goals, business processes and / or requirements)";3,22222222222222;2,62400251004289;3,82621971217933;15
"""Gold plating"" (implementation of features without corresponding requirements)";2,77777777777778;2,00824968979474;3,58997253242748;15
"Weak access to customer needs and / or (internal) business information";2,88888888888889;2,19479613494467;3,63720386505533;15
"Weak knowledge of customer's application domain";3,11111111111111;2,27165058392643;3,9705716382958;15
"Weak relationship between customer and project lead";3,11111111111111;2,44142137676965;3,83102306767479;15
"Time boxing / Not enough time in general";3,33333333333333;2,81319111806745;3,87369777082144;15
"Discrepancy between high degree of innovation and need for formal acceptance of (potentially wrong / incomplete / unknown) requirements";2,88888888888889;1,97051296077973;3,80993148366471;15
"Technically unfeasible requirements";2,11111111111111;1,53473933724155;2,67059399609179;15
"Underspecified requirements that are too abstract and allow for various interpretations";3,44444444444444;2,78550382995063;4,11005172560492;15
"Unclear / unmeasurable non-functional requirements";3,66666666666667;2,88724767527956;4,41297454694266;15
"Volatile customer's business domain regarding, e.g., changing points of contact, business processes or requirements";2,77777777777778;2,03432878229393;3,53989343992829;15
