"";"Estimate";"95Conf.int.low";"95Conf.int.up";"NRespondents"
"...is too hard to understand";1,88888888888889;1,29393259001697;2,4658451877608;15
"...is too complex";1,77777777777778;1,14601196722089;2,34798803277911;15
"...is too abstract";2,33333333333333;1,72535165009843;2,97064834990157;15
"...does not support the specification of precise requirements";2,44444444444444;1,61496541143116;3,29414569967996;15
"...does not scale to our projects' high complexity";2,44444444444444;1,8177311701137;3,06560216321963;15
"...is too heavy weight for our projects (e.g., it does not support agility)";2,55555555555556;1,93246903276763;3,23419763389904;15
"...is not flexible enough (e.g., it offers no means to tackle moving targets / change-intensive requirements)";2,44444444444444;1,67704522038499;3,21651033517057;15
"...does not sufficiently define a clear terminology";2,55555555555556;1,88171958097391;3,2313915301372;15
"...gives no guidance on how to create the specification documents";2,88888888888889;2,15630660201152;3,62591562021071;15
"...does not sufficiently allow for deviations according to project circumstances that cannot be formalised (e.g., politically motivated underspecified requirements)";2,88888888888889;2,07030560817977;3,7103610584869;15
"...does not fit to the variety of our projects  (e.g., size or technical domains).";2,11111111111111;1,34119138478304;2,87103083743918;15
"...does not sufficiently define roles and responsibilities";2,44444444444444;1,75098004542026;3,14568662124641;15
