"";"option.other.data.subset"
"2";NA
"3";NA
"5";NA
"6";"Depends on the customer [company] we're working with on the project - we see all three of the above, but are trying to push our customers more towards managing backlogs in requirements management tools"
"7";NA
"11";"in Scrum projects we update product backlog, while in waterfall projects we work with change requests."
"13";NA
"15";NA
"16";"I use a simple contract and proposal, which work together. Any changes are outlined clearly in a new proposal draft."
"17";NA
"19";NA
"20";"We do both #1 & #2, depending upon the style of SDLC"
"21";NA
"22";NA
"23";NA
