"";"OtherSelected";"Value"
"2";"1";"Created personas and presented them to our stakeholders"
"3";"0";NA
"5";"0";NA
"6";"1";"System Interface Analysis; User Interface Analysis; Competitor Analysis; Document Analysis; Questionnaire; though interviews and facilitated meetings are used most commonly, with the use of straw man models"
"7";"0";NA
"11";"0";NA
"13";"0";NA
"15";"0";NA
"16";"0";NA
"17";"0";NA
"19";"1";"Customer demands"
"20";"1";"documentation/system reviews"
"21";"0";NA
"22";"0";NA
"23";"1";"business group"
