"";"NrQuoted";"NRespondents";"Estimate";"95Conf.int.low";"95Conf.int.up"
"Free form textual (Domain/Business Process Models)";4;15;0,266666666666667;0,0520985525773544;0,487101447422646
"Free form textual (Use Case Models)";4;15;0,266666666666667;0,0520915980272494;0,490975068639417
"Free form textual (Goal Models)";3;15;0,2;0,00423126092970688;0,40843540573696
"Free form textual (Data Models)";3;15;0,2;-0,00782036402322661;0,403420364023227
"Free form textual (Structured Requirements Lists)";6;15;0,4;0,148636615871568;0,649230050795098
"Textual with constraints (Domain/Business Process Models)";5;15;0,333333333333333;0,0863985419524494;0,571068124714217
"Textual with constraints (Use Case Models)";6;15;0,4;0,162457492009463;0,648209174657204
"Textual with constraints (Goal Models)";0;15;0;0;0
"Textual with constraints (Data Models)";3;15;0,2;0,00724095112664475;0,407292382206689
"Textual with constraints (Structured Requirements Lists)";7;15;0,466666666666667;0,206552389218668;0,716647610781332
"Semi-formal (UML) (Domain/Business Process Models)";1;15;0,0666666666666667;-0,0737493559180175;0,196549355918017
"Semi-formal (UML) (Use Case Models)";2;15;0,133333333333333;-0,0400685258910912;0,299535192557758
"Semi-formal (UML) (Goal Models)";1;15;0,0666666666666667;-0,0625518637012937;0,188951863701294
"Semi-formal (UML) (Data Models)";3;15;0,2;-0,0113628773012678;0,407896210634601
"Semi-formal (UML) (Structured Requirements Lists)";0;15;0;0;0
"Formal  (Domain/Business Process Models)";3;15;0,2;-0,000456864834948584;0,398190198168282
"Formal  (Use Case Models)";1;15;0,0666666666666667;-0,05855719337619;0,190290526709523
"Formal  (Goal Models)";2;15;0,133333333333333;-0,0415419597044946;0,305275293037828
"Formal  (Data Models)";4;15;0,266666666666667;0,0426454733101253;0,492687860023208
"Formal  (Structured Requirements Lists)";3;15;0,2;0,00333708799522417;0,396396245338109
