"";"NrQuoted";"NRespondents";"Estimate";"95Conf.int.low";"95Conf.int.up"
"We have defined a tailoring approach that continuously guides the application of the standard in our project";2;26;0,0769230769230769;-0,0263143378390579;0,179006645531366
"We have tool support for tailoring our Requirements Engineering standard";2;26;0,0769230769230769;-0,0235910133038423;0,176975628688458
"At the beginning of a project, the project lead / requirements engineer tailors the standard based on experiences";17;26;0,653846153846154;0,461642554073111;0,835818984388428
"We do not consider a particular tailoring approach";5;26;0,192307692307692;0,0403517535997704;0,350186707938691
