"";"NrQuoted";"NRespondents";"Estimate";"95Conf.int.low";"95Conf.int.up"
"We have a continuous change management.";5;26;0,192307692307692;0,0400090076304637;0,342221761600305
"We have a change management approach that applies after formally accepting a requirements specification.";10;26;0,384615384615385;0,204465447490502;0,575226860201805
"We have a change management that applies during RE.";1;26;0,0384615384615385;-0,0316544041406067;0,111269788755991
"We do not consider a change management in RE.";9;26;0,346153846153846;0,162047162174373;0,534183607056396
