"";"Estimate";"95Conf.int.low";"95Conf.int.up";"NRespondents"
"Compliance to regulations and standards (like CMMI)";3,72727272727273;3,30839472851724;4,11651436239185;28
"Seamless development by integrating Requirements Engineering into the development process";4,22727272727273;3,75826974968912;4,68445752303815;28
"Better tool support";3,77272727272727;3,32960269072567;4,22039730927433;28
"Formal prerequisite for project acquisition in your domain";3,09090909090909;2,65623701349707;3,54476298650293;28
"Support of distributed development";3,63636363636364;3,23014171072131;4,03040374382415;28
"Better support of progress control";4,04545454545455;3,65849708324706;4,43132109857112;28
"Better quality assurance of the artefacts (e.g., within quality gates)";4,18181818181818;3,75092105997784;4,62689712184034;28
"Support of benchmarks and / or comparison of different projects";3,77272727272727;3,40270875447139;4,15201851825588;28
"Support of project management and planning";4,27272727272727;3,98518035714592;4,5530014610359;28
"Higher efficiency";4,09090909090909;3,74706362982793;4,40911818835389;28
"Knowledge transfer";4,36363636363636;3,99118544620506;4,74163273561312;28
