"";"Estimate";"95Conf.int.low";"95Conf.int.up";"NRespondents"
"Communication flaws within the project development team";3,29545454545455;3,00788945305556;3,58674691058081;55
"Communication flaws between developers and the customer";3,56818181818182;3,25987185762365;3,87685541510362;55
"Terminological problems";3,11363636363636;2,79651740216882;3,42170987055845;55
"Unclear responsibilities";3,02272727272727;2,69195584473716;3,35295324617193;55
"Incomplete";3,63636363636364;3,31447921794425;3,9719753275103;55
"Implicit requirements not made explicit";3,90909090909091;3,6232848323128;4,21039698586902;55
"Insufficient support by project lead";2,81818181818182;2,5234203928471;3,11289778897109;55
"Insufficient support by customer";3,15909090909091;2,87122213990291;3,44109604191527;55
"Stakeholders with difficulties in separating requirements from previously known solution designs";3,97727272727273;3,71581068699244;4,25023476755301;55
"Inconsistent requirements";3,20454545454545;2,85930563580068;3,5335125460175;55
"Missing traceability";3;2,63432557794368;3,34758351296541;55
"Moving targets (changing goals, business processes and / or requirements)";3,72727272727273;3,37706858807984;4,08056777555653;55
"""Gold plating"" (implementation of features without corresponding requirements)";3;2,66244906368116;3,34196002722793;55
"Weak access to customer needs and / or (internal) business information";2,97727272727273;2,64794978769509;3,30436839412309;55
"Weak knowledge of customer's application domain";2,34090909090909;2,01580176528598;2,66833459835038;55
"Weak relationship between customer and project lead";2,27272727272727;1,97969925447901;2,55643710915736;55
"Time boxing / Not enough time in general";3,38636363636364;3,02441708966526;3,78008291033473;55
"Discrepancy between high degree of innovation and need for formal acceptance of (potentially wrong / incomplete / unknown) requirements";3,02272727272727;2,7050665122717;3,34420621500103;55
"Technically unfeasible requirements";2,65909090909091;2,37039788997145;2,95092029184673;55
"Underspecified requirements that are too abstract and allow for various interpretations";3,06818181818182;2,73748614170075;3,39637749466289;55
"Unclear / unmeasurable non-functional requirements";3,45454545454545;3,13206009056828;3,78539445488627;55
"Volatile customer's business domain regarding, e.g., changing points of contact, business processes or requirements";3,02272727272727;2,68168647738829;3,38963170442989;55
