"";"Estimate";"95Conf.int.low";"95Conf.int.up";"NRespondents"
"...is too hard to understand";2,06521739130435;1,77713033933314;2,35865226936252;55
"...is too complex";2,06521739130435;1,77092906113368;2,35559267799675;55
"...is too abstract";2,1304347826087;1,8120370049306;2,45557169072157;55
"...does not support the specification of precise requirements";2,34782608695652;1,98119794755495;2,71549770461897;55
"...does not scale to our projects' high complexity";2,23913043478261;1,91277376366895;2,57074797546149;55
"...is too heavy weight for our projects (e.g., it does not support agility)";2,08695652173913;1,77789220556217;2,41375996835087;55
"...is not flexible enough (e.g., it offers no means to tackle moving targets / change-intensive requirements)";2,3695652173913;1,9954002836806;2,74599102066722;55
"...does not sufficiently define a clear terminology";2,45652173913043;2,05952557794915;2,86077876987694;55
"...gives no guidance on how to create the specification documents";2,39130434782609;1,96062063453174;2,81985762633782;55
"...does not sufficiently allow for deviations according to project circumstances that cannot be formalised (e.g., politically motivated underspecified requirements)";2,30434782608696;1,94985841595585;2,66266332317458;55
"...does not fit to the variety of our projects  (e.g., size or technical domains).";2,34782608695652;2,02555753071404;2,68526855624248;55
"...does not sufficiently define roles and responsibilities";2,69565217391304;2,3143533686677;3,08495097915839;55
