"";"OtherSelected";"Value"
"1";NA;NA
"2";"0";NA
"3";NA;NA
"4";NA;NA
"5";"0";NA
"6";"0";NA
"7";"0";NA
"8";NA;NA
"9";"0";NA
"10";"0";NA
"11";"1";"better efficiency"
"12";"0";NA
"13";"0";NA
"14";"0";NA
"15";NA;NA
"16";"0";NA
"17";"0";NA
"18";"0";NA
"19";"0";NA
"20";"0";NA
"21";"0";NA
"22";NA;NA
"23";"0";NA
"24";"0";NA
"25";"0";NA
"26";"0";NA
"27";"0";NA
"28";"0";NA
"29";"0";NA
"30";NA;NA
"31";"0";NA
"32";"0";NA
"33";NA;NA
"34";"0";NA
"35";"1";"para ficar mais competitivos (processo mais eficiente)"
"36";"1";"MPSBR"
"37";"0";NA
"38";"0";NA
"39";"0";NA
"40";"1";"Para contornar problemas gerados pela estrutura feudal da empresa."
"41";"0";NA
"42";"0";NA
"43";"0";NA
"44";"0";NA
"45";"0";NA
"46";"1";"Para melhorar a qualidade no desenvolvimento dos projetos"
"47";"0";NA
"48";NA;NA
"49";"0";NA
"50";"0";NA
"51";NA;NA
"52";"0";NA
"53";"0";NA
"54";"0";NA
"55";"0";NA
"56";"0";NA
"57";"0";NA
"58";"0";NA
"59";"0";NA
"60";"0";NA
"61";"0";NA
"62";NA;NA
"63";"0";NA
"64";"1";"Adotamos m<U+00E9>todos <U+00E1>geis que tem como um dos princ<U+00ED>pios inspe<U+00E7><U+00E3>o e adpata<U+00E7><U+00E3>o para promover melhor<U+00ED>a cont<U+00ED>nua"
"65";"1";"Sempre que poss<U+00ED>vel com a vis<U+00E3>o de melhoria cont<U+00ED>nua de nosso processo"
"66";"0";NA
"67";"0";NA
"68";"1";"Documenta<U+00E7><U+00E3>o do produto"
"69";"0";NA
"70";"0";NA
"71";"0";NA
"72";"0";NA
"73";"0";NA
"74";"1";"Adapta<U+00E7><U+00E3>o das tarefas <U+00E0>s novas ferramentas adquiridas"
"75";"0";NA
"76";"0";NA
"77";"0";NA
"78";"0";NA
"79";"0";NA
"80";"0";NA
"81";"0";NA
"82";"0";NA
"83";"0";NA
"84";"0";NA
"85";"0";NA
"86";"1";"Para melhorar a produtividade das equipes e diminuir a quantidade de defeitos identificados durante os testes."
"87";"0";NA
"88";"0";NA
"89";"0";NA
"90";NA;NA
"91";"0";NA
"92";"0";NA
"93";"0";NA
"94";"0";NA
"95";"0";NA
"96";NA;NA
"97";"0";NA
"98";"0";NA
"99";NA;NA
"100";NA;NA
"101";"0";NA
"102";"0";NA
"103";"0";NA
"104";NA;NA
"105";NA;NA
"106";"0";NA
"107";NA;NA
"108";"0";NA
"109";NA;NA
"110";NA;NA
"111";"1";"We improve continuously everything we can with the speed we can because we can"
"112";"0";NA
"113";"0";NA
"114";"0";NA
"115";"1";"don't know"
"116";"0";NA
"117";"0";NA
"118";"0";NA
"119";"0";NA
"120";"0";NA
"121";"0";NA
"122";"0";NA
"123";"0";NA
"124";"0";NA
"125";"0";NA
"126";"0";NA
"127";"0";NA
"128";"0";NA
"129";"0";NA
"130";"0";NA
"131";"0";NA
"132";"0";NA
"133";"0";NA
"134";"0";NA
"135";"1";"because RE is what we sell to our customers, and therefore we have to be at a high level of knowledge and quality"
"136";NA;NA
"137";"1";"part of overall improvement of SE practices"
"138";"1";"Achieve higher efficiency and quality"
"139";"0";NA
"140";"0";NA
"141";"0";NA
"142";"0";NA
"143";"1";"Only by continuous improvement and evolution, the RM practices can be kept functioning and effective in a huge global product development organization"
"144";"0";NA
"145";"0";NA
"146";"0";NA
"147";"0";NA
"148";"0";NA
"149";"0";NA
"150";"0";NA
"151";"0";NA
"152";"0";NA
"153";"0";NA
"154";"0";NA
"155";"0";NA
"156";"1";"It helps us to meet our customers demands better and stabalizes our product quality"
"157";"0";NA
"158";"0";NA
"159";"1";"to accelerate projects and avoid mistakes made in the past"
"160";"1";"We want to show how important good RE is"
"161";NA;NA
"162";"0";NA
"163";"0";NA
"164";NA;NA
"165";"0";NA
"166";"1";"Communications skills can always be improved"
"167";NA;NA
"168";"0";NA
"169";"0";NA
"170";"0";NA
"171";"0";NA
"172";"0";NA
"173";"1";"To ensure we are cost effecitive and solving the only the most valuable problems"
"174";NA;NA
"175";"0";NA
"176";"0";NA
"177";"0";NA
"178";"1";"Continuous Improvement is past of everything we do"
"179";"0";NA
"180";"0";NA
"181";"0";NA
"182";"0";NA
"183";"0";NA
"184";"0";NA
"185";"0";NA
"186";NA;NA
"187";"1";NA
"188";"0";NA
"189";"0";NA
"190";"0";NA
"191";"0";NA
"192";"0";NA
"193";"0";NA
"194";"0";NA
"195";"0";NA
"196";"1";"A major part of our survival as technical experts are that we always improve and develop our processes, methods, tools and competences"
"197";"0";NA
"198";"0";NA
"199";"1";"To sell the products to new customer"
"200";"0";NA
"201";NA;NA
"202";NA;NA
"203";"0";NA
"204";"0";NA
"205";"0";NA
"206";"1";"We try to adjust our model to fit us better and to avoid pit holes in earlier projects"
"207";"1";"necessary for purchase"
"208";"0";NA
"209";NA;NA
"210";"0";NA
"211";"0";NA
"212";"0";NA
"213";"0";NA
"214";NA;NA
"215";"0";NA
"216";"0";NA
"217";"0";NA
"218";NA;NA
"219";NA;NA
"220";NA;NA
"221";"0";NA
"222";"0";NA
"223";"0";NA
"224";"1";"for next iteration of product releases"
"225";"0";NA
"226";"0";NA
"227";"0";NA
"228";"0";NA
