"";"NrQuoted";"NRespondents";"Estimate";"95Conf.int.low";"95Conf.int.up"
"It helps us to determine our strenghts and weaknesses and act accordingly";147;195;0,753846153846154;0,69367522045015;0,813976061601132
"An improvement is expected by our customer";48;195;0,246153846153846;0,183005929912277;0,308460736754389
"We conduct the improvement to obtain a certain certification.";24;195;0,123076923076923;0,0775187941136288;0,170296590501756
"An improvement is demanded by a regulation (e.g., CMMI, Cobit, or ITIL)";12;195;0,0615384615384615;0,0291537554546004;0,0955231676223227
