"";"NrQuoted";"NRespondents";"Estimate";"95Conf.int.low";"95Conf.int.up"
"It helps us to determine our strenghts and weaknesses and act accordingly";49;67;0,73134328358209;0,627746034150186;0,838642025551306
"An improvement is expected by our customer";16;67;0,238805970149254;0,134466775608905;0,339294418420945
"We conduct the improvement to obtain a certain certification.";18;67;0,26865671641791;0,165243717040333;0,374427924750712
"An improvement is demanded by a regulation (e.g., CMMI, Cobit, or ITIL)";1;67;0,0149253731343284;-0,0138405996999178;0,0436316444760372
