"";"OtherSelected";"Value"
"1";NA;NA
"2";"0";NA
"3";"0";NA
"4";"0";NA
"5";"0";NA
"6";"0";NA
"7";"0";NA
"8";NA;NA
"9";"0";NA
"10";"0";NA
"11";"0";NA
"12";"0";NA
"13";"0";NA
"14";"0";NA
"15";"0";NA
"16";NA;NA
"17";"0";NA
"18";"0";NA
"19";NA;NA
"20";"0";NA
"21";"1";"para ficar mais competitivos (processo mais eficiente)"
"22";"1";"MPSBR"
"23";"0";NA
"24";"0";NA
"25";"0";NA
"26";"1";"Para contornar problemas gerados pela estrutura feudal da empresa."
"27";"0";NA
"28";"0";NA
"29";"0";NA
"30";"0";NA
"31";"0";NA
"32";"1";"Para melhorar a qualidade no desenvolvimento dos projetos"
"33";"0";NA
"34";NA;NA
"35";"0";NA
"36";"0";NA
"37";NA;NA
"38";"0";NA
"39";"0";NA
"40";"0";NA
"41";"0";NA
"42";"0";NA
"43";"0";NA
"44";"0";NA
"45";"0";NA
"46";"0";NA
"47";"0";NA
"48";NA;NA
"49";"0";NA
"50";"1";"Adotamos m<U+00E9>todos <U+00E1>geis que tem como um dos princ<U+00ED>pios inspe<U+00E7><U+00E3>o e adpata<U+00E7><U+00E3>o para promover melhor<U+00ED>a cont<U+00ED>nua"
"51";"1";"Sempre que poss<U+00ED>vel com a vis<U+00E3>o de melhoria cont<U+00ED>nua de nosso processo"
"52";"0";NA
"53";"0";NA
"54";"1";"Documenta<U+00E7><U+00E3>o do produto"
"55";"0";NA
"56";"0";NA
"57";"0";NA
"58";"0";NA
"59";"0";NA
"60";"1";"Adapta<U+00E7><U+00E3>o das tarefas <U+00E0>s novas ferramentas adquiridas"
"61";"0";NA
"62";"0";NA
"63";"0";NA
"64";"0";NA
"65";"0";NA
"66";"0";NA
"67";"0";NA
"68";"0";NA
"69";"0";NA
"70";"0";NA
"71";"0";NA
"72";"1";"Para melhorar a produtividade das equipes e diminuir a quantidade de defeitos identificados durante os testes."
"73";"0";NA
"74";"0";NA
