"";"NrQuoted";"NRespondents";"Estimate";"95Conf.int.low";"95Conf.int.up"
"A standard that is predefined according to a regulation (e.g., ITIL)";9;71;0,126760563380282;0,048959837224387;0,202251430381247
"A standard that is predefined by the development process (e.g., Rational Unified Process, Scrum)";32;71;0,450704225352113;0,336748427465835;0,567871290844024
"An own standard that defines the coarse process with deliverables, milestones, and phases";28;71;0,394366197183099;0,282646691939227;0,5103955615819
"An own standard that defines the process including roles and responsibilities.";23;71;0,323943661971831;0,213445709863064;0,432807811263696
"An own standard that defines artefacts and offers document templates";18;71;0,253521126760563;0,150508860991346;0,352110857318514
"None";7;71;0,0985915492957746;0,0287616551558896;0,170083415266646
