"";"NrQuoted";"NRespondents";"Estimate";"95Conf.int.low";"95Conf.int.up"
"It helps us to determine our strenghts and weaknesses and act accordingly";11;17;0,647058823529412;0,426009437542546;0,86951997422216
"An improvement is expected by our customer";6;17;0,352941176470588;0,131561762503903;0,576791178672567
"We conduct the improvement to obtain a certain certification.";3;17;0,176470588235294;0,00151836152760096;0,35918752082534
"An improvement is demanded by a regulation (e.g., CMMI, Cobit, or ITIL)";5;17;0,294117647058824;0,0759511121088999;0,512637123185218
