"";"OtherSelected";"Value"
"1";"0";NA
"2";"0";NA
"6";"1";"A major part of our survival as technical experts are that we always improve and develop our processes, methods, tools and competences"
"14";"0";NA
"15";"0";NA
"19";"1";"To sell the products to new customer"
"20";"0";NA
"22";NA;NA
"23";NA;NA
"25";"0";NA
"27";"0";NA
"30";"0";NA
"33";"1";"We try to adjust our model to fit us better and to avoid pit holes in earlier projects"
"35";"1";"necessary for purchase"
"39";"0";NA
"41";NA;NA
"43";"0";NA
"44";"0";NA
"47";"0";NA
"48";"0";NA
