"";"Estimate";"95Conf.int.low";"95Conf.int.up";"NRespondents"
"Communication flaws within the project development team";3,57142857142857;2,683138111206;4,42171903165114;8
"Communication flaws between developers and the customer";4,14285714285714;3,6703288006281;4,62395691365762;8
"Terminological problems";3,57142857142857;2,69797109862752;4,40088604422962;8
"Unclear responsibilities";3,28571428571429;2,30829175752551;4,18370824247448;8
"Incomplete";3,85714285714286;3,36329876410861;4,32212980731996;8
"Implicit requirements not made explicit";3,85714285714286;3,15299271346372;4,56415014367913;8
"Insufficient support by project lead";2,71428571428571;1,73712036753844;3,6817367753187;8
"Insufficient support by customer";3,14285714285714;2,12864314014246;4,1484997170004;8
"Stakeholders with difficulties in separating requirements from previously known solution designs";4,28571428571429;3,96397022633469;4,62802977366531;8
"Inconsistent requirements";3,85714285714286;3,12214926904807;4,5812793023805;8
"Missing traceability";3,28571428571429;2,51026407374288;4,03887878339998;8
"Moving targets (changing goals, business processes and / or requirements)";4,28571428571429;3,95457262757451;4,63542737242549;8
"""Gold plating"" (implementation of features without corresponding requirements)";3,28571428571429;2,50012498811998;4,06216072616573;8
"Weak access to customer needs and / or (internal) business information";2,85714285714286;2,07323829665812;3,67304741762759;8
"Weak knowledge of customer's application domain";2,71428571428571;1,86170682034248;3,59572175108609;8
"Weak relationship between customer and project lead";2,85714285714286;1,87634032636375;3,86994538792196;8
"Time boxing / Not enough time in general";4;3,22005619804536;4,7830866590975;8
"Discrepancy between high degree of innovation and need for formal acceptance of (potentially wrong / incomplete / unknown) requirements";3;2,08934393897459;3,90922748959684;8
"Technically unfeasible requirements";3;2,22693071806921;3,77564071050222;8
"Underspecified requirements that are too abstract and allow for various interpretations";4,42857142857143;4,06782632321207;4,78903081964507;8
"Unclear / unmeasurable non-functional requirements";3,42857142857143;2,62293188365333;4,21621097348953;8
"Volatile customer's business domain regarding, e.g., changing points of contact, business processes or requirements";3;2,02001542442319;3,97484171843395;8
