"";"Estimate";"95Conf.int.low";"95Conf.int.up";"NRespondents"
"...is too hard to understand";2,33333333333333;1,21086984482988;3,45479682183679;8
"...is too complex";2,16666666666667;1,06886641187078;3,30713358812921;8
"...is too abstract";3,16666666666667;2,20503665053684;4,14829668279649;8
"...does not support the specification of precise requirements";2,83333333333333;1,74687072224893;3,9284626110844;8
"...does not scale to our projects' high complexity";2,16666666666667;1,45320346821715;2,89579653178285;8
"...is too heavy weight for our projects (e.g., it does not support agility)";2;1,18680550735526;2,75652782597807;8
"...is not flexible enough (e.g., it offers no means to tackle moving targets / change-intensive requirements)";2,5;1,88930244466639;3,11936422200028;8
"...does not sufficiently define a clear terminology";3;2,20486896588737;3,84413103411263;8
"...gives no guidance on how to create the specification documents";2,66666666666667;1,55078420090167;3,75921579909833;8
"...does not sufficiently allow for deviations according to project circumstances that cannot be formalised (e.g., politically motivated underspecified requirements)";2,33333333333333;1,49181368516259;3,19785298150408;8
"...does not fit to the variety of our projects  (e.g., size or technical domains).";2;1,30125954316313;2,65274045683687;8
"...does not sufficiently define roles and responsibilities";2,16666666666667;1,4573123683302;2,84335429833647;8
