"";"NrQuoted";"NRespondents";"Estimate";"95Conf.int.low";"95Conf.int.up"
"We have a continuous change management.";10;15;0,666666666666667;0,434260820189723;0,89867251314361
"We have a change management approach that applies after formally accepting a requirements specification.";4;15;0,266666666666667;0,0432417829007503;0,49955821709925
"We have a change management that applies during RE.";0;15;0;0;0
"We do not consider a change management in RE.";2;15;0,133333333333333;-0,0357520750357813;0,307218741702448
