"";"NrQuoted";"NRespondents";"Estimate";"95Conf.int.low";"95Conf.int.up"
"We have defined a tailoring approach that continuously guides the application of the standard in our project";3;15;0,2;0,000532760813017924;0,403067239186982
"We have tool support for tailoring our Requirements Engineering standard";2;15;0,133333333333333;-0,0325299591306377;0,305996625797304
"At the beginning of a project, the project lead / requirements engineer tailors the standard based on experiences";6;15;0,4;0,151532449556214;0,654067550443786
"We do not consider a particular tailoring approach";3;15;0,2;-0,00990648232846361;0,401239815661797
