"";"Estimate";"95Conf.int.low";"95Conf.int.up";"NRespondents"
"Compliance to regulations and standards (like CMMI)";2,84615384615385;2,2274456284288;3,51732360234043;18
"Seamless development by integrating Requirements Engineering into the development process";4,46153846153846;4,11960037671855;4,80993808481991;18
"Better tool support";3,76923076923077;3,33827919253985;4,22802849976784;18
"Formal prerequisite for project acquisition in your domain";2,46153846153846;1,81189902264859;3,09394713119756;18
"Support of distributed development";3,76923076923077;3,18017914187938;4,3527439350437;18
"Better support of progress control";3,84615384615385;3,28593566944452;4,37437202286317;18
"Better quality assurance of the artefacts (e.g., within quality gates)";4,23076923076923;3,86223104488039;4,5940766474273;18
"Support of benchmarks and / or comparison of different projects";3,46153846153846;2,76119306211803;4,18973001480505;18
"Support of project management and planning";4,07692307692308;3,44303323550531;4,71481291834084;18
"Higher efficiency";4,38461538461539;3,98299982134397;4,78100017865603;18
"Knowledge transfer";4,38461538461539;4,04544930728474;4,73408915425373;18
