"";"NrQuoted";"NRespondents";"Estimate";"95Conf.int.low";"95Conf.int.up"
"Free form textual (Domain/Business Process Models)";86;228;0,37719298245614;0,314367718768372;0,442176140880751
"Free form textual (Use Case Models)";70;228;0,307017543859649;0,247232579027704;0,366442859568788
"Free form textual (Goal Models)";59;228;0,258771929824561;0,204116889836858;0,31832170665437
"Free form textual (Data Models)";37;228;0,162280701754386;0,114031023993991;0,209205818111272
"Free form textual (Structured Requirements Lists)";96;228;0,421052631578947;0,356285903533883;0,486766728045064
"Textual with constraints (Domain/Business Process Models)";46;228;0,201754385964912;0,148888248913424;0,252708242314646
"Textual with constraints (Use Case Models)";69;228;0,302631578947368;0,244771080795706;0,36210611218675
"Textual with constraints (Goal Models)";33;228;0,144736842105263;0,0989128954157449;0,18869236774215
"Textual with constraints (Data Models)";32;228;0,140350877192982;0,0959471183822902;0,185412530740517
"Textual with constraints (Structured Requirements Lists)";80;228;0,350877192982456;0,292255724676889;0,410498661288023
"Semi-formal (UML) (Domain/Business Process Models)";52;228;0,228070175438596;0,173863067149933;0,281417634604453
"Semi-formal (UML) (Use Case Models)";90;228;0,394736842105263;0,330871552494057;0,457260026453311
"Semi-formal (UML) (Goal Models)";14;228;0,0614035087719298;0,0310782510168189;0,0923866612638829
"Semi-formal (UML) (Data Models)";76;228;0,333333333333333;0,276315676443184;0,393517656890149
"Semi-formal (UML) (Structured Requirements Lists)";19;228;0,0833333333333333;0,0484705671567433;0,11876627494852
"Formal  (Domain/Business Process Models)";35;228;0,153508771929825;0,108585247421872;0,200686682402689
"Formal  (Use Case Models)";22;228;0,0964912280701754;0,0585438802330194;0,134728049591542
"Formal  (Goal Models)";11;228;0,0482456140350877;0,0210133390594193;0,0749164855019842
"Formal  (Data Models)";42;228;0,184210526315789;0,131118473173337;0,235925386475786
"Formal  (Structured Requirements Lists)";28;228;0,12280701754386;0,0813376005784728;0,163381697667141
