"";"option.other.data.subset"
"1";"We see that our customers do not follow our recommendations :)"
"2";NA
"3";NA
"4";NA
"5";NA
"6";NA
"7";NA
"8";NA
"9";NA
"10";NA
"11";NA
"12";NA
"13";NA
"14";NA
"15";NA
"16";NA
"17";NA
"18";NA
"19";NA
"20";NA
"21";NA
"22";NA
"23";NA
"24";NA
"25";NA
"26";NA
"27";NA
"28";NA
"29";"Trabalhamos com documenta<U+00E7><U+00E3>o da solicita<U+00E7><U+00E3>o de mudan<U+00E7>a a ser atendida no projeto ou atualizamos nosso backlog."
"30";NA
"31";NA
"32";"Registramos as solicita<U+00E7><U+00F5>es de mudan<U+00E7>a, analisamos os impactos e s<U+00F3> ap<U+00F3>s aprova<U+00E7><U+00E3>o formal do cliente, atualizamos a especifica<U+00E7><U+00E3>o de requisitos, desalocando e/ou alocando requisitos, gerando assim, uma nova vers<U+00E3>o"
"33";NA
"34";NA
"35";NA
"36";NA
"37";NA
"38";NA
"39";NA
"40";"Todos os projetos tem especifica<U+00E7><U+00E3>o de requisitos atualizada. Nos processos baseados em Scrum tamb<U+00E9>m <U+00E9> atualizado o backlog."
"41";NA
"42";NA
"43";NA
"44";NA
"45";NA
"46";NA
"47";NA
"48";NA
"49";NA
"50";NA
"51";NA
"52";NA
"53";NA
"54";NA
"55";NA
"56";NA
"57";NA
"58";NA
"59";NA
"60";NA
"61";NA
"62";NA
"63";NA
"64";NA
"65";NA
"66";NA
"67";NA
"68";NA
"69";NA
"70";NA
"71";NA
"72";NA
"73";NA
"74";NA
"75";NA
"76";"Das 3 formas acima, conforme a maturidade da equipe/projeto"
"77";NA
"78";NA
"79";NA
"80";"Requisi<U+00E7><U+00F5>es de mudan<U+00E7>as mas n<U+00E3>o de forma restrita"
"81";NA
"82";NA
"83";NA
"84";NA
"85";NA
"86";"Quando o cliente solicita uma mudan<U+00E7>a de requisitos o projeto sofre um replanejamento e as estimativas s<U+00E3>o refeitas."
"87";NA
"88";NA
"89";NA
"90";NA
"91";NA
"92";NA
"93";NA
"94";NA
"95";NA
"96";NA
"97";NA
"98";NA
"99";NA
"100";NA
"101";NA
"102";"all of the above depending on which analysis style is used with the customer (depending on their policies or agreed methods)"
"103";NA
"104";NA
"105";NA
"106";NA
"107";NA
"108";NA
"109";NA
"110";NA
"111";NA
"112";NA
"113";NA
"114";NA
"115";"no idea"
"116";NA
"117";NA
"118";NA
"119";NA
"120";NA
"121";NA
"122";NA
"123";NA
"124";NA
"125";NA
"126";NA
"127";NA
"128";NA
"129";NA
"130";NA
"131";NA
"132";"all methods, depends on the project"
"133";NA
"134";NA
"135";NA
"136";NA
"137";"change management"
"138";NA
"139";NA
"140";NA
"141";NA
"142";NA
"143";NA
"144";NA
"145";NA
"146";NA
"147";"We use CRs- depending on the issue we update spec, or other configuration objects"
"148";NA
"149";NA
"150";NA
"151";NA
"152";NA
"153";NA
"154";NA
"155";NA
"156";NA
"157";NA
"158";NA
"159";"we write a system documentation based on requ. spec.; this documentation is updated after each release based on CRs or new requirement specs."
"160";NA
"161";NA
"162";NA
"163";NA
"164";NA
"165";NA
"166";"we work closely with users"
"167";NA
"168";NA
"169";NA
"170";NA
"171";NA
"172";NA
"173";NA
"174";NA
"175";NA
"176";NA
"177";NA
"178";NA
"179";NA
"180";NA
"181";NA
"182";NA
"183";NA
"184";NA
"185";NA
"186";NA
"187";NA
"188";NA
"189";NA
"190";NA
"191";NA
"192";NA
"193";NA
"194";NA
"195";NA
"196";NA
"197";NA
"198";NA
"199";NA
"200";NA
"201";NA
"202";NA
"203";NA
"204";NA
"205";NA
"206";NA
"207";NA
"208";NA
"209";"We mix product backlog and change requests"
"210";NA
"211";NA
"212";NA
"213";NA
"214";NA
"215";NA
"216";NA
"217";"Depends on the customer [company] we're working with on the project - we see all three of the above, but are trying to push our customers more towards managing backlogs in requirements management tools"
"218";NA
"219";"in Scrum projects we update product backlog, while in waterfall projects we work with change requests."
"220";NA
"221";NA
"222";"I use a simple contract and proposal, which work together. Any changes are outlined clearly in a new proposal draft."
"223";NA
"224";NA
"225";"We do both #1 & #2, depending upon the style of SDLC"
"226";NA
"227";NA
"228";NA
