"";"OtherSelected";"Value"
"1";"1";"Traces between requirements and bugs"
"2";"0";NA
"3";"0";NA
"4";"0";NA
"5";"0";NA
"6";"0";NA
"7";"0";NA
"8";"0";NA
"9";"1";"Project-dependent"
"10";"1";"Traces between requirements and tests cases."
"11";"0";NA
"12";"1";"Traces between requirements and specification documents and scope statements."
"13";"0";NA
"14";"0";NA
"15";"0";NA
"16";"0";NA
"17";"0";NA
"18";"0";NA
"19";"1";"req-req; req-uc; uc-codigoFonte"
"20";"0";NA
"21";"0";NA
"22";"0";NA
"23";"0";NA
"24";"0";NA
"25";"0";NA
"26";"0";NA
"27";"0";NA
"28";"0";NA
"29";"0";NA
"30";"0";NA
"31";"0";NA
"32";"0";NA
"33";"0";NA
"34";"0";NA
"35";"0";NA
"36";"0";NA
"37";"1";"rastreabilidade entre requisitos. rastreabilidade com c<U+00F3>digo <U+00E9> poss<U+00ED>vel mas ainda incipiente."
"38";"0";NA
"39";"0";NA
"40";"0";NA
"41";"0";NA
"42";"1";"Requisito e casos de teste"
"43";"0";NA
"44";"0";NA
"45";"0";NA
"46";"0";NA
"47";"0";NA
"48";"0";NA
"49";"0";NA
"50";"0";NA
"51";"0";NA
"52";"0";NA
"53";"1";"Rastreabilidade de requisitos, documentos do projeto, commits, c<U+00F3>digo"
"54";"0";NA
"55";"0";NA
"56";"0";NA
"57";"0";NA
"58";"0";NA
"59";"0";NA
"60";"0";NA
"61";"0";NA
"62";"0";NA
"63";"0";NA
"64";"0";NA
"65";"0";NA
"66";"0";NA
"67";"0";NA
"68";"1";"Entre requisitos e demanda, requisito e requisito"
"69";"0";NA
"70";"0";NA
"71";"1";"Entre requisitos, documentos del proyecto y c<U+00F3>digo"
"72";"0";NA
"73";"0";NA
"74";"0";NA
"75";"0";NA
"76";"1";"Requisito x Requisito"
"77";"0";NA
"78";"0";NA
"79";"0";NA
"80";"1";"RequisitoxRequisito, requisitoxUCS"
"81";"0";NA
"82";"0";NA
"83";"0";NA
"84";"0";NA
"85";"0";NA
"86";"1";"Rastreabilidade entre requisitos e casos de teste. "
"87";"0";NA
"88";"0";NA
"89";"1";"Traces between requirements and test procedure"
"90";"1";"Traces between requirements and tests"
"91";"0";NA
"92";"0";NA
"93";"0";NA
"94";"0";NA
"95";"0";NA
"96";"0";NA
"97";"1";"btween requirements and test cases that are associated with defects"
"98";"1";"Traces between requirements and Test results"
"99";"0";NA
"100";"0";NA
"101";"0";NA
"102";"1";"there are different styles and levels of how much this is done depending on how critical the requirements impact is"
"103";"0";NA
"104";"0";NA
"105";"0";NA
"106";"0";NA
"107";"0";NA
"108";"0";NA
"109";"0";NA
"110";"0";NA
"111";"0";NA
"112";"0";NA
"113";"0";NA
"114";"0";NA
"115";"1";"no idea"
"116";"1";"Traces between requirements and tests"
"117";"0";NA
"118";"0";NA
"119";"0";NA
"120";"0";NA
"121";"0";NA
"122";"1";"Trace between contract and actual implementation"
"123";"0";NA
"124";"0";NA
"125";"1";"requirements to test"
"126";"0";NA
"127";"0";NA
"128";"1";"traces between requirements, underlying needs and context of use"
"129";"0";NA
"130";"0";NA
"131";"0";NA
"132";"1";"depends on the project"
"133";"1";"Theroretically a lot"
"134";"0";NA
"135";"1";"traces between customer requirements and software specifications"
"136";"0";NA
"137";"0";NA
"138";"0";NA
"139";"1";"between requirements and tests"
"140";"0";NA
"141";"0";NA
"142";"0";NA
"143";"1";"Traces between requirements (different req. levels); traces between requirements and test; traces between change requests and requirements"
"144";"0";NA
"145";"1";"Traces between requirements and requirements"
"146";"1";"Traces between requirements and tests"
"147";"1";"Request - Requirements - tech-Specs - Code"
"148";"0";NA
"149";"0";NA
"150";"0";NA
"151";"1";"Traces between requirements and test cases."
"152";"0";NA
"153";"0";NA
"154";"0";NA
"155";"1";"Traces between requirements and feature specifications"
"156";"0";NA
"157";"0";NA
"158";"0";NA
"159";"0";NA
"160";"0";NA
"161";"1";"Traces between requirements and tests."
"162";"0";NA
"163";"1";"requirements and test cases"
"164";"0";NA
"165";"0";NA
"166";"0";NA
"167";"0";NA
"168";"1";"We trace the Goals of the Release to User Stories. The number of the user story is use to check the code relating to it into the repository"
"169";"0";NA
"170";"1";"Traces between Requirements and Test Cases"
"171";"0";NA
"172";"0";NA
"173";"1";"Traces between requirements and tests"
"174";"0";NA
"175";"0";NA
"176";"0";NA
"177";"0";NA
"178";"0";NA
"179";"0";NA
"180";"0";NA
"181";"0";NA
"182";"0";NA
"183";"0";NA
"184";"0";NA
"185";"0";NA
"186";"0";NA
"187";"0";NA
"188";"0";NA
"189";"0";NA
"190";"0";NA
"191";"0";NA
"192";"0";NA
"193";"0";NA
"194";"0";NA
"195";"0";NA
"196";"1";"Traces between requirements and functional/system test cases are most common for us"
"197";"0";NA
"198";"1";"risk based tracing req.s and functions"
"199";"0";NA
"200";"0";NA
"201";"0";NA
"202";"0";NA
"203";"0";NA
"204";"0";NA
"205";"0";NA
"206";"0";NA
"207";"0";NA
"208";"0";NA
"209";"0";NA
"210";"0";NA
"211";"0";NA
"212";"0";NA
"213";"0";NA
"214";"0";NA
"215";"0";NA
"216";"0";NA
"217";"0";NA
"218";"0";NA
"219";"0";NA
"220";"0";NA
"221";"0";NA
"222";"0";NA
"223";"0";NA
"224";"1";"Issue tracking in Scrum backlogs;issue tracking in waterfall  project management systems"
"225";"1";"traces between business objectives and requirements"
"226";"0";NA
"227";"0";NA
"228";"0";NA
