"";"NrQuoted";"NRespondents";"Estimate";"95Conf.int.low";"95Conf.int.up"
"We have defined a tailoring approach that continuously guides the application of the standard in our project";1;13;0,0769230769230769;-0,0784790977860092;0,221556020862932
"We have tool support for tailoring our Requirements Engineering standard";1;13;0,0769230769230769;-0,0739214500118877;0,227459911550349
"At the beginning of a project, the project lead / requirements engineer tailors the standard based on experiences";8;13;0,615384615384615;0,352127865317946;0,881718288528208
"We do not consider a particular tailoring approach";3;13;0,230769230769231;0,00693148065055574;0,453376211657137
