"";"NrQuoted";"NRespondents";"Estimate";"95Conf.int.low";"95Conf.int.up"
"We have a continuous change management.";3;13;0,230769230769231;-0,000183953122347646;0,458183953122348
"We have a change management approach that applies after formally accepting a requirements specification.";3;13;0,230769230769231;-0,00521853861767665;0,463064692463831
"We have a change management that applies during RE.";1;13;0,0769230769230769;-0,0699452653495624;0,224099111503409
"We do not consider a change management in RE.";5;13;0,384615384615385;0,115295961930263;0,657934807300506
