"";"Estimate";"95Conf.int.low";"95Conf.int.up";"NRespondents"
"Compliance to regulations and standards (like CMMI)";3,9;3,3220394395705;4,4833605604295;15
"Seamless development by integrating Requirements Engineering into the development process";3,9;3,15349114448494;4,67110885551505;15
"Better tool support";3,6;2,91340733695195;4,29799266304805;15
"Formal prerequisite for project acquisition in your domain";3,2;2,36649083044125;4,00490916955875;15
"Support of distributed development";3,6;3,18984871978905;4,01715128021096;15
"Better support of progress control";3,9;3,40016771021144;4,42683228978856;15
"Better quality assurance of the artefacts (e.g., within quality gates)";3,9;3,254775848597;4,529024151403;15
"Support of benchmarks and / or comparison of different projects";4,1;3,66737154401751;4,52402845598249;15
"Support of project management and planning";4,2;3,7456835851355;4,6639164148645;15
"Higher efficiency";4,4;3,90052927140083;4,88907072859917;15
"Knowledge transfer";4,4;3,83572407642217;4,96067592357784;15
