"";"NrQuoted";"NRespondents";"Estimate";"95Conf.int.low";"95Conf.int.up"
"We have a continuous change management.";22;74;0,297297297297297;0,193548485661985;0,397505568392069
"We have a change management approach that applies after formally accepting a requirements specification.";28;74;0,378378378378378;0,268171695665126;0,48777425028082
"We have a change management that applies during RE.";20;74;0,27027027027027;0,167302046268251;0,371157413191209
"We do not consider a change management in RE.";9;74;0,121621621621622;0,0481260525621078;0,196009082573027
