"";"NrQuoted";"NRespondents";"Estimate";"95Conf.int.low";"95Conf.int.up"
"We have defined a tailoring approach that continuously guides the application of the standard in our project";23;74;0,310810810810811;0,203383898038263;0,416859345204981
"We have tool support for tailoring our Requirements Engineering standard";22;74;0,297297297297297;0,190245012127181;0,401241474359305
"At the beginning of a project, the project lead / requirements engineer tailors the standard based on experiences";17;74;0,22972972972973;0,134958555856238;0,32714955225187
"We do not consider a particular tailoring approach";9;74;0,121621621621622;0,0474558001405612;0,194030686345925
