"";"Estimate";"95Conf.int.low";"95Conf.int.up";"NRespondents"
"Compliance to regulations and standards (like CMMI)";3,96923076923077;3,65456847317981;4,28749306528172;74
"Seamless development by integrating Requirements Engineering into the development process";4,43076923076923;4,17201913504607;4,69244240341547;74
"Better tool support";3,96923076923077;3,68047749278041;4,28352250721959;74
"Formal prerequisite for project acquisition in your domain";3,35384615384615;3,00874309756429;3,67519536397417;74
"Support of distributed development";3,24615384615385;2,92015086458052;3,56944913541948;74
"Better support of progress control";4,15384615384615;3,86416296258828;4,44180626818095;74
"Better quality assurance of the artefacts (e.g., within quality gates)";4,50769230769231;4,29063862024477;4,72114599513984;74
"Support of benchmarks and / or comparison of different projects";3,92307692307692;3,6235987772659;4,21757045350333;74
"Support of project management and planning";4,4;4,18098430637789;4,6212310782375;74
"Higher efficiency";4,41538461538462;4,17788689148875;4,66146695466509;74
"Knowledge transfer";4,36923076923077;4,11541974806638;4,60913409808746;74
