"";"NrQuoted";"NRespondents";"Estimate";"95Conf.int.low";"95Conf.int.up"
"A standard that is predefined according to a regulation (e.g., ITIL)";56;228;0,245614035087719;0,188770273412898;0,300826217815172
"A standard that is predefined by the development process (e.g., Rational Unified Process, Scrum)";83;228;0,364035087719298;0,302524406790709;0,427703663384729
"An own standard that defines the coarse process with deliverables, milestones, and phases";77;228;0,337719298245614;0,276365044769451;0,40002092014283
"An own standard that defines the process including roles and responsibilities.";77;228;0,337719298245614;0,275321802309879;0,398950127514682
"An own standard that defines artefacts and offers document templates";75;228;0,328947368421053;0,266081898388398;0,389540908629146
"None";14;228;0,0614035087719298;0,0303087491117563;0,0934631807128051
