"";"NrQuoted";"NRespondents";"Estimate";"95Conf.int.low";"95Conf.int.up"
"A standard that is predefined according to a regulation (e.g., ITIL)";6;55;0,109090909090909;0,0221756714961383;0,195642510322044
"A standard that is predefined by the development process (e.g., Rational Unified Process, Scrum)";18;55;0,327272727272727;0,203594065012544;0,449678662260183
"An own standard that defines the coarse process with deliverables, milestones, and phases";19;55;0,345454545454545;0,215587483140345;0,477030698677837
"An own standard that defines the process including roles and responsibilities.";24;55;0,436363636363636;0,309143647218221;0,566856352781779
"An own standard that defines artefacts and offers document templates";28;55;0,509090909090909;0,375154490884988;0,64353641820592
"None";4;55;0,0727272727272727;0,00227497527445346;0,140815933816456
