"";"NrQuoted";"NRespondents";"Estimate";"95Conf.int.low";"95Conf.int.up"
"Free form textual (Domain/Business Process Models)";10;28;0,357142857142857;0,187232196741614;0,528196374686958
"Free form textual (Use Case Models)";9;28;0,321428571428571;0,16227211323495;0,486013601050765
"Free form textual (Goal Models)";5;28;0,178571428571429;0,0334595389166569;0,321469032511914
"Free form textual (Data Models)";4;28;0,142857142857143;0,0169374929303746;0,275205364212482
"Free form textual (Structured Requirements Lists)";12;28;0,428571428571429;0,250664977056701;0,607406451514727
"Textual with constraints (Domain/Business Process Models)";7;28;0,25;0,0931047780971696;0,409323793331402
"Textual with constraints (Use Case Models)";10;28;0,357142857142857;0,176623815115924;0,524947613455505
"Textual with constraints (Goal Models)";2;28;0,0714285714285714;-0,0227225748868025;0,166794003458231
"Textual with constraints (Data Models)";5;28;0,178571428571429;0,0281411226112272;0,319858877388773
"Textual with constraints (Structured Requirements Lists)";10;28;0,357142857142857;0,177499444142771;0,532143413000086
"Semi-formal (UML) (Domain/Business Process Models)";2;28;0,0714285714285714;-0,0235487894289692;0,168263075143255
"Semi-formal (UML) (Use Case Models)";7;28;0,25;0,0900670161074149;0,413861555321157
"Semi-formal (UML) (Goal Models)";1;28;0,0357142857142857;-0,0329695575707812;0,10354098614221
"Semi-formal (UML) (Data Models)";5;28;0,178571428571429;0,0399847045016784;0,323372438355464
"Semi-formal (UML) (Structured Requirements Lists)";0;28;0;0;0
"Formal  (Domain/Business Process Models)";7;28;0,25;0,0885392655146175;0,405675020199668
"Formal  (Use Case Models)";2;28;0,0714285714285714;-0,0210307679413437;0,165602196512772
"Formal  (Goal Models)";5;28;0,178571428571429;0,0397593943818133;0,32609774847533
"Formal  (Data Models)";6;28;0,214285714285714;0,0555079308896506;0,371277783396064
"Formal  (Structured Requirements Lists)";6;28;0,214285714285714;0,0625018372557994;0,364426734172772
