"";"option.other.data.subset"
"1";NA
"2";NA
"3";NA
"4";NA
"5";NA
"6";NA
"7";NA
"8";NA
"9";NA
"10";NA
"11";NA
"12";NA
"13";NA
"14";NA
"15";NA
"16";NA
"17";"Depends on the customer [company] we're working with on the project - we see all three of the above, but are trying to push our customers more towards managing backlogs in requirements management tools"
"18";NA
"19";"in Scrum projects we update product backlog, while in waterfall projects we work with change requests."
"20";NA
"21";NA
"22";"I use a simple contract and proposal, which work together. Any changes are outlined clearly in a new proposal draft."
"23";NA
"24";NA
"25";"We do both #1 & #2, depending upon the style of SDLC"
"26";NA
"27";NA
"28";NA
