"";"OtherSelected";"Value"
"1";"0";NA
"2";"1";"Not clear how we elicite requirements"
"3";"0";NA
"4";"0";NA
"5";"0";NA
"6";"0";NA
"7";"0";NA
"8";"0";NA
"9";"0";NA
"10";"0";NA
"11";"0";NA
"12";"0";NA
"13";"0";NA
"14";"1";"Created personas and presented them to our stakeholders"
"15";"0";NA
"16";"0";NA
"17";"1";"System Interface Analysis; User Interface Analysis; Competitor Analysis; Document Analysis; Questionnaire; though interviews and facilitated meetings are used most commonly, with the use of straw man models"
"18";"0";NA
"19";"0";NA
"20";"0";NA
"21";"0";NA
"22";"0";NA
"23";"0";NA
"24";"1";"Customer demands"
"25";"1";"documentation/system reviews"
"26";"0";NA
"27";"0";NA
"28";"1";"business group"
