"";"OtherSelected";"Value"
"1";"0";NA
"2";"0";NA
"3";"0";NA
"4";"0";NA
"5";"0";NA
"6";"0";NA
"7";"0";NA
"8";"0";NA
"9";"0";NA
"10";"0";NA
"11";"0";NA
"12";"0";NA
"13";"0";NA
"14";"1";"Frequent releases, and iterative feedback from our core users/testers"
"15";"0";NA
"16";"0";NA
"17";"0";NA
"18";"0";NA
"19";"0";NA
"20";"1";"Expert analysis."
"21";"0";NA
"22";"0";NA
"23";"0";NA
"24";"1";"prototype, feedback from customer"
"25";"1";"Analyze if the change is within scope of the business objectives of the project/program"
"26";"0";NA
"27";"0";NA
"28";"0";NA
