"";"OtherSelected";"Value"
"1";"1";"Traces between requirements and test procedure"
"2";"1";"Traces between requirements and tests"
"3";"0";NA
"4";"0";NA
"5";"0";NA
"6";"0";NA
"7";"0";NA
"8";"0";NA
"9";"1";"btween requirements and test cases that are associated with defects"
"10";"1";"Traces between requirements and Test results"
"11";"0";NA
"12";"0";NA
"13";"0";NA
"14";"0";NA
"15";"0";NA
"16";"0";NA
"17";"0";NA
"18";"0";NA
"19";"0";NA
"20";"0";NA
"21";"0";NA
"22";"0";NA
"23";"0";NA
"24";"1";"Issue tracking in Scrum backlogs;issue tracking in waterfall  project management systems"
"25";"1";"traces between business objectives and requirements"
"26";"0";NA
"27";"0";NA
"28";"0";NA
