"";"option.other.data.subset"
"1";"many non-functional requirements are considered as part of a functional requirement"
"2";NA
"3";NA
"4";NA
"5";NA
"6";"both of the above"
"7";NA
"8";NA
"9";NA
"10";NA
"11";NA
"12";NA
"13";NA
"14";"no idea"
"15";NA
"16";NA
"17";NA
"18";NA
"19";NA
"20";NA
"21";NA
"22";NA
"23";NA
"24";NA
"25";NA
"26";"Depends on project.  On Agile it is User Stories. Waterfall more formal document"
"27";NA
"28";NA
"29";NA
"30";NA
"31";"USer Story Acceptance Criteria"
"32";"Not always gathered"
"33";NA
"34";NA
"35";NA
"36";NA
"37";NA
"38";NA
"39";NA
"40";NA
"41";NA
"42";NA
"43";NA
"44";NA
"45";NA
"46";NA
"47";NA
"48";NA
"49";NA
"50";NA
"51";NA
"52";NA
"53";NA
"54";NA
"55";NA
"56";NA
"57";NA
"58";NA
"59";NA
"60";NA
"61";NA
"62";NA
"63";NA
"64";NA
"65";NA
"66";NA
"67";NA
"68";NA
"69";NA
"70";NA
"71";NA
