"";"NrQuoted";"NRespondents";"Estimate";"95Conf.int.low";"95Conf.int.up"
"Free form textual (Domain/Business Process Models)";30;71;0,422535211267606;0,30507838169168;0,539907533801277
"Free form textual (Use Case Models)";29;71;0,408450704225352;0,299038659280252;0,52459514353665
"Free form textual (Goal Models)";18;71;0,253521126760563;0,15014194953521;0,353153825112677
"Free form textual (Data Models)";15;71;0,211267605633803;0,116006271547731;0,307599362255086
"Free form textual (Structured Requirements Lists)";31;71;0,436619718309859;0,318180044456756;0,552946716106624
"Textual with constraints (Domain/Business Process Models)";11;71;0,154929577464789;0,0726095907332893;0,239615761379387
"Textual with constraints (Use Case Models)";22;71;0,309859154929577;0,204534043376993;0,417015252397654
"Textual with constraints (Goal Models)";15;71;0,211267605633803;0,115472730344051;0,305625861205245
"Textual with constraints (Data Models)";14;71;0,197183098591549;0,106819821896834;0,292250600638378
"Textual with constraints (Structured Requirements Lists)";19;71;0,267605633802817;0,160123359005014;0,376693542403437
"Semi-formal (UML) (Domain/Business Process Models)";15;71;0,211267605633803;0,11506073873448;0,3080660218289
"Semi-formal (UML) (Use Case Models)";22;71;0,309859154929577;0,201592529027733;0,417590569563816
"Semi-formal (UML) (Goal Models)";5;71;0,0704225352112676;0,00988030408015952;0,131781667750826
"Semi-formal (UML) (Data Models)";23;71;0,323943661971831;0,21638642217646;0,432289634161569
"Semi-formal (UML) (Structured Requirements Lists)";8;71;0,112676056338028;0,0385213758006563;0,189056088988076
"Formal  (Domain/Business Process Models)";11;71;0,154929577464789;0,0707421799867782;0,237116974942799
"Formal  (Use Case Models)";10;71;0,140845070422535;0,0597648916019583;0,219502714031845
"Formal  (Goal Models)";1;71;0,0140845070422535;-0,0133951312613483;0,0411416101345877
"Formal  (Data Models)";13;71;0,183098591549296;0,0895075626523558;0,276238916220884
"Formal  (Structured Requirements Lists)";7;71;0,0985915492957746;0,0273339353351319;0,171173106918389
