"";"option.other.data.subset"
"1";"all of the above depending on which analysis style is used with the customer (depending on their policies or agreed methods)"
"2";NA
"3";NA
"4";NA
"5";NA
"6";NA
"7";NA
"8";NA
"9";NA
"10";NA
"11";NA
"12";NA
"13";NA
"14";"no idea"
"15";NA
"16";NA
"17";NA
"18";NA
"19";NA
"20";NA
"21";NA
"22";NA
"23";NA
"24";"we work closely with users"
"25";NA
"26";NA
"27";NA
"28";NA
"29";NA
"30";NA
"31";NA
"32";NA
"33";NA
"34";NA
"35";NA
"36";NA
"37";NA
"38";NA
"39";NA
"40";NA
"41";NA
"42";NA
"43";NA
"44";NA
"45";NA
"46";NA
"47";NA
"48";NA
"49";NA
"50";NA
"51";NA
"52";NA
"53";NA
"54";NA
"55";NA
"56";NA
"57";NA
"58";NA
"59";NA
"60";NA
"61";NA
"62";NA
"63";NA
"64";NA
"65";NA
"66";NA
"67";"We mix product backlog and change requests"
"68";NA
"69";NA
"70";NA
"71";NA
