"";"OtherSelected";"Value"
"1";"0";NA
"2";"0";NA
"3";"0";NA
"4";"0";NA
"5";"0";NA
"6";"0";NA
"7";"0";NA
"8";"0";NA
"9";"0";NA
"10";"0";NA
"11";"0";NA
"12";"0";NA
"13";"1";"Lean-principles"
"14";"1";NA
"15";"0";NA
"16";"0";NA
"17";"0";NA
"18";"0";NA
"19";"0";NA
"20";"0";NA
"21";"1";"We specify changes impact into solution from technical and from working point of views."
"22";"0";NA
"23";"0";NA
"24";"1";"we discuss with users and decide best approach"
"25";"0";NA
"26";"0";NA
"27";"0";NA
"28";"0";NA
"29";"0";NA
"30";"0";NA
"31";"0";NA
"32";"0";NA
"33";"0";NA
"34";"0";NA
"35";"0";NA
"36";"1";"team based discussion before change"
"37";"0";NA
"38";"1";"don't understand question. it's a new user story, so we size it"
"39";"0";NA
"40";"0";NA
"41";"0";NA
"42";"0";NA
"43";"0";NA
"44";"0";NA
"45";"0";NA
"46";"0";NA
"47";"0";NA
"48";"0";NA
"49";"0";NA
"50";"0";NA
"51";"0";NA
"52";"0";NA
"53";"0";NA
"54";"1";"Test driven analysis for TDD projects"
"55";"0";NA
"56";"0";NA
"57";"0";NA
"58";"0";NA
"59";"0";NA
"60";"0";NA
"61";"0";NA
"62";"0";NA
"63";"0";NA
"64";"0";NA
"65";"0";NA
"66";"1";"We do impact analysis on the IT service beeing developed"
"67";"0";NA
"68";"0";NA
"69";"0";NA
"70";"0";NA
"71";"0";NA
