"";"OtherSelected";"Value"
"1";"1";"research of existing documentation, reengineering of existing software"
"2";"0";NA
"3";"0";NA
"4";"0";NA
"5";"0";NA
"6";"1";"investigation of documentation or systems"
"7";"0";NA
"8";"0";NA
"9";"0";NA
"10";"1";"standardization"
"11";"0";NA
"12";"0";NA
"13";"0";NA
"14";"1";NA
"15";"0";NA
"16";"0";NA
"17";"0";NA
"18";"1";"questionnaires"
"19";"0";NA
"20";"0";NA
"21";"1";"System Managers gathers the sceletor for the specification and then it is fine tuned in the workshops"
"22";"0";NA
"23";"0";NA
"24";"1";"relationship building and EQ"
"25";"0";NA
"26";"0";NA
"27";"0";NA
"28";"0";NA
"29";"0";NA
"30";"0";NA
"31";"0";NA
"32";"0";NA
"33";"1";NA
"34";"0";NA
"35";"0";NA
"36";"0";NA
"37";"0";NA
"38";"0";NA
"39";"0";NA
"40";"0";NA
"41";"0";NA
"42";"0";NA
"43";"0";NA
"44";"1";"product eperts writes specs"
"45";"1";NA
"46";"0";NA
"47";"0";NA
"48";"0";NA
"49";"0";NA
"50";"0";NA
"51";"0";NA
"52";"1";"proof of concept"
"53";"0";NA
"54";"0";NA
"55";"0";NA
"56";"0";NA
"57";"0";NA
"58";"0";NA
"59";"1";"written BRS from Requirement Owners"
"60";"0";NA
"61";"0";NA
"62";"0";NA
"63";"0";NA
"64";"0";NA
"65";"0";NA
"66";"0";NA
"67";"0";NA
"68";"0";NA
"69";"0";NA
"70";"0";NA
"71";"0";NA
