"";"OtherSelected";"Value"
"1";"1";"there are different styles and levels of how much this is done depending on how critical the requirements impact is"
"2";"0";NA
"3";"0";NA
"4";"0";NA
"5";"0";NA
"6";"0";NA
"7";"0";NA
"8";"0";NA
"9";"0";NA
"10";"0";NA
"11";"0";NA
"12";"0";NA
"13";"0";NA
"14";"1";"no idea"
"15";"1";"Traces between requirements and tests"
"16";"0";NA
"17";"0";NA
"18";"0";NA
"19";"0";NA
"20";"0";NA
"21";"1";"Trace between contract and actual implementation"
"22";"0";NA
"23";"0";NA
"24";"0";NA
"25";"0";NA
"26";"1";"We trace the Goals of the Release to User Stories. The number of the user story is use to check the code relating to it into the repository"
"27";"0";NA
"28";"1";"Traces between Requirements and Test Cases"
"29";"0";NA
"30";"0";NA
"31";"1";"Traces between requirements and tests"
"32";"0";NA
"33";"0";NA
"34";"0";NA
"35";"0";NA
"36";"0";NA
"37";"0";NA
"38";"0";NA
"39";"0";NA
"40";"0";NA
"41";"0";NA
"42";"0";NA
"43";"0";NA
"44";"0";NA
"45";"0";NA
"46";"0";NA
"47";"0";NA
"48";"0";NA
"49";"0";NA
"50";"0";NA
"51";"0";NA
"52";"0";NA
"53";"0";NA
"54";"1";"Traces between requirements and functional/system test cases are most common for us"
"55";"0";NA
"56";"1";"risk based tracing req.s and functions"
"57";"0";NA
"58";"0";NA
"59";"0";NA
"60";"0";NA
"61";"0";NA
"62";"0";NA
"63";"0";NA
"64";"0";NA
"65";"0";NA
"66";"0";NA
"67";"0";NA
"68";"0";NA
"69";"0";NA
"70";"0";NA
"71";"0";NA
