"";"NrQuoted";"NRespondents";"Estimate";"95Conf.int.low";"95Conf.int.up"
"Free form textual (Domain/Business Process Models)";9;18;0,5;0,273953921228068;0,735712745438599
"Free form textual (Use Case Models)";6;18;0,333333333333333;0,116290618302468;0,554376048364198
"Free form textual (Goal Models)";4;18;0,222222222222222;0,0335864128536451;0,41196914270191
"Free form textual (Data Models)";3;18;0,166666666666667;-0,00440127386134712;0,347179051639125
"Free form textual (Structured Requirements Lists)";8;18;0,444444444444444;0,212466211303603;0,673867122029731
"Textual with constraints (Domain/Business Process Models)";1;18;0,0555555555555556;-0,0498379249961003;0,160504591662767
"Textual with constraints (Use Case Models)";6;18;0,333333333333333;0,121888741937417;0,54877792472925
"Textual with constraints (Goal Models)";1;18;0,0555555555555556;-0,0572634708128089;0,164596804146142
"Textual with constraints (Data Models)";2;18;0,111111111111111;-0,0401400615357059;0,260806728202373
"Textual with constraints (Structured Requirements Lists)";4;18;0,222222222222222;0,0332994629896407;0,41181164812147
"Semi-formal (UML) (Domain/Business Process Models)";3;18;0,166666666666667;-0,00363382428314585;0,340522713172035
"Semi-formal (UML) (Use Case Models)";5;18;0,277777777777778;0,0739851812154234;0,473792596562354
"Semi-formal (UML) (Goal Models)";1;18;0,0555555555555556;-0,0437890025538172;0,161677891442706
"Semi-formal (UML) (Data Models)";4;18;0,222222222222222;0,0218141386969615;0,410963639080816
"Semi-formal (UML) (Structured Requirements Lists)";1;18;0,0555555555555556;-0,0463031976749074;0,157969864341574
"Formal  (Domain/Business Process Models)";3;18;0,166666666666667;-0,00524978945003809;0,337027567227816
"Formal  (Use Case Models)";4;18;0,222222222222222;0,0343422086162812;0,415991124717052
"Formal  (Goal Models)";0;18;0;0;0
"Formal  (Data Models)";4;18;0,222222222222222;0,0331302874364577;0,409425268119098
"Formal  (Structured Requirements Lists)";2;18;0,111111111111111;-0,0345671417327886;0,257344919510566
