"";"NrQuoted";"NRespondents";"Estimate";"95Conf.int.low";"95Conf.int.up"
"We have a continuous change management.";2;6;0,333333333333333;-0,0486108052741204;0,70161080527412
"We have a change management approach that applies after formally accepting a requirements specification.";1;6;0,166666666666667;-0,125877041922648;0,456543708589314
"We have a change management that applies during RE.";1;6;0,166666666666667;-0,136188891969796;0,463855558636462
"We do not consider a change management in RE.";4;6;0,666666666666667;0,300882805811355;1,03545052752198
