"";"NrQuoted";"NRespondents";"Estimate";"95Conf.int.low";"95Conf.int.up"
"We have defined a tailoring approach that continuously guides the application of the standard in our project";0;6;0;0;0
"We have tool support for tailoring our Requirements Engineering standard";1;6;0,166666666666667;-0,124492144194289;0,469492144194289
"At the beginning of a project, the project lead / requirements engineer tailors the standard based on experiences";2;6;0,333333333333333;-0,0272966385875818;0,720963305254248
"We do not consider a particular tailoring approach";3;6;0,5;0,108123890417432;0,908542776249234
