"";"Estimate";"95Conf.int.low";"95Conf.int.up";"NRespondents"
"Compliance to regulations and standards (like CMMI)";2,83333333333333;1,86344976039298;3,81721690627369;8
"Seamless development by integrating Requirements Engineering into the development process";4;3,33777555663792;4,65789111002875;8
"Better tool support";3,66666666666667;3,10686388784599;4,26846944548735;8
"Formal prerequisite for project acquisition in your domain";2,66666666666667;2,29714149474363;3,02085850525637;8
"Support of distributed development";4,33333333333333;3,74342007482824;4,90224659183843;8
"Better support of progress control";4,33333333333333;3,76433673658018;4,95066326341982;8
"Better quality assurance of the artefacts (e.g., within quality gates)";3,5;2,73228417264339;4,30304916068994;8
"Support of benchmarks and / or comparison of different projects";3,33333333333333;2,58400919824714;4,0513241350862;8
"Support of project management and planning";4,33333333333333;3,72244842248892;4,91788491084441;8
"Higher efficiency";4;3,07037366276015;4,91129300390651;8
"Knowledge transfer";4,66666666666667;4,06326650864919;5,23073349135081;8
