"";"NrQuoted";"NRespondents";"Estimate";"95Conf.int.low";"95Conf.int.up"
"A standard that is predefined according to a regulation (e.g., ITIL)";2;14;0,142857142857143;-0,0442816270669157;0,326995912781201
"A standard that is predefined by the development process (e.g., Rational Unified Process, Scrum)";4;14;0,285714285714286;0,0571232436302725;0,518876756369727
"An own standard that defines the coarse process with deliverables, milestones, and phases";4;14;0,285714285714286;0,0552864319115356;0,521570710945607
"An own standard that defines the process including roles and responsibilities.";6;14;0,428571428571429;0,166318935119952;0,690252493451476
"An own standard that defines artefacts and offers document templates";7;14;0,5;0,238497487987641;0,76093108344093
"None";0;14;0;0;0
