"";"NrQuoted";"NRespondents";"Estimate";"95Conf.int.low";"95Conf.int.up"
"A standard that is predefined according to a regulation (e.g., ITIL)";3;28;0,107142857142857;-0,00613812560181724;0,219709554173246
"A standard that is predefined by the development process (e.g., Rational Unified Process, Scrum)";9;28;0,321428571428571;0,143029783254632;0,493541645316797
"An own standard that defines the coarse process with deliverables, milestones, and phases";11;28;0,392857142857143;0,203784579744437;0,576929705969848
"An own standard that defines the process including roles and responsibilities.";12;28;0,428571428571429;0,249898559252738;0,608958583604405
"An own standard that defines artefacts and offers document templates";11;28;0,392857142857143;0,21180552826275;0,571337328880107
"None";2;28;0,0714285714285714;-0,0241259192070037;0,167411633492718
