"";"NrQuoted";"NRespondents";"Estimate";"95Conf.int.low";"95Conf.int.up"
"We have a continuous change management.";10;20;0,5;0,285501216172786;0,715298783827214
"We have a change management approach that applies after formally accepting a requirements specification.";5;20;0,25;0,0564870571716283;0,440712942828372
"We have a change management that applies during RE.";4;20;0,2;0,0183355346130541;0,379464465386946
"We do not consider a change management in RE.";2;20;0,1;-0,0320919165634281;0,236091916563428
