"";"NrQuoted";"NRespondents";"Estimate";"95Conf.int.low";"95Conf.int.up"
"We have defined a tailoring approach that continuously guides the application of the standard in our project";3;20;0,15;-0,0166132415499941;0,311913241549994
"We have tool support for tailoring our Requirements Engineering standard";2;20;0,1;-0,0280255645743217;0,228325564574322
"At the beginning of a project, the project lead / requirements engineer tailors the standard based on experiences";6;20;0,3;0,100325243104335;0,504474756895665
"We do not consider a particular tailoring approach";8;20;0,4;0,187091379542306;0,627408620457694
