"";"Estimate";"95Conf.int.low";"95Conf.int.up";"NRespondents"
"Compliance to regulations and standards (like CMMI)";3,55555555555556;3,14016629812414;3,98105592409808;20
"Seamless development by integrating Requirements Engineering into the development process";3,94444444444444;3,45278236267348;4,42210652621541;20
"Better tool support";3,55555555555556;2,98623816101873;4,12265072787015;20
"Formal prerequisite for project acquisition in your domain";3,61111111111111;3,11863549066507;4,09558673155715;20
"Support of distributed development";3,94444444444444;3,49237888609097;4,4342877805757;20
"Better support of progress control";4;3,54166467997901;4,4704464311321;20
"Better quality assurance of the artefacts (e.g., within quality gates)";4,22222222222222;3,85234656232869;4,58120899322686;20
"Support of benchmarks and / or comparison of different projects";3,33333333333333;2,69181092484556;3,96985574182111;20
"Support of project management and planning";4,5;4,11327396246733;4,86239270419934;20
"Higher efficiency";4,44444444444444;4,1757454428859;4,7112545571141;20
"Knowledge transfer";4,33333333333333;3,86120061461913;4,80746605204754;20
