"";"NrQuoted";"NRespondents";"Estimate";"95Conf.int.low";"95Conf.int.up"
"Free form textual (Domain/Business Process Models)";10;20;0,5;0,269881094344354;0,715918905655646
"Free form textual (Use Case Models)";10;20;0,5;0,274931918540332;0,713968081459668
"Free form textual (Goal Models)";6;20;0,3;0,0854596700495844;0,502940329950416
"Free form textual (Data Models)";6;20;0,3;0,0988673959308942;0,500932604069106
"Free form textual (Structured Requirements Lists)";8;20;0,4;0,176993143684415;0,615206856315585
"Textual with constraints (Domain/Business Process Models)";3;20;0,15;-0,0103810561359964;0,298481056135996
"Textual with constraints (Use Case Models)";6;20;0,3;0,0972171843379491;0,502282815662051
"Textual with constraints (Goal Models)";7;20;0,35;0,138250023772893;0,563849976227107
"Textual with constraints (Data Models)";3;20;0,15;-7,15552649346307e-05;0,306771555264935
"Textual with constraints (Structured Requirements Lists)";8;20;0,4;0,183617577631974;0,616182422368026
"Semi-formal (UML) (Domain/Business Process Models)";2;20;0,1;-0,0298415174253616;0,228741517425362
"Semi-formal (UML) (Use Case Models)";6;20;0,3;0,102814358477396;0,501985641522604
"Semi-formal (UML) (Goal Models)";2;20;0,1;-0,0305444292143228;0,232444429214323
"Semi-formal (UML) (Data Models)";6;20;0,3;0,101989088336174;0,504610911663826
"Semi-formal (UML) (Structured Requirements Lists)";3;20;0,15;-0,00931770121781145;0,314017701217811
"Formal  (Domain/Business Process Models)";4;20;0,2;0,0216442871563936;0,371155712843606
"Formal  (Use Case Models)";0;20;0;0;0
"Formal  (Goal Models)";0;20;0;0;0
"Formal  (Data Models)";3;20;0,15;-0,000404783790827479;0,311104783790827
"Formal  (Structured Requirements Lists)";1;20;0,05;-0,0451902769284542;0,142190276928454
