"";"NrQuoted";"NRespondents";"Estimate";"95Conf.int.low";"95Conf.int.up"
"It helps us to determine our strenghts and weaknesses and act accordingly";6;9;0,666666666666667;0,357151121946427;0,981737766942462
"An improvement is expected by our customer";5;9;0,555555555555556;0,220479980868896;0,87307557468666
"We conduct the improvement to obtain a certain certification.";0;9;0;0;0
"An improvement is demanded by a regulation (e.g., CMMI, Cobit, or ITIL)";1;9;0,111111111111111;-0,0921289004936022;0,309017789382491
