"";"NrQuoted";"NRespondents";"Estimate";"95Conf.int.low";"95Conf.int.up"
"A standard that is predefined according to a regulation (e.g., ITIL)";2;13;0,153846153846154;-0,0390502776881075;0,343819508457338
"A standard that is predefined by the development process (e.g., Rational Unified Process, Scrum)";7;13;0,538461538461538;0,256791794330774;0,803054359515379
"An own standard that defines the coarse process with deliverables, milestones, and phases";3;13;0,230769230769231;0,00249635508980753;0,458426721833269
"An own standard that defines the process including roles and responsibilities.";6;13;0,461538461538462;0,187018344817826;0,73113550133602
"An own standard that defines artefacts and offers document templates";4;13;0,307692307692308;0,0447964645093133;0,57028045856761
"None";0;13;0;0;0
