"";"NrQuoted";"NRespondents";"Estimate";"95Conf.int.low";"95Conf.int.up"
"Free form textual (Domain/Business Process Models)";6;14;0,428571428571429;0,175197634445974;0,685802365554026
"Free form textual (Use Case Models)";7;14;0,5;0,234673373510431;0,764040912203855
"Free form textual (Goal Models)";6;14;0,428571428571429;0,165545683378153;0,68931145947899
"Free form textual (Data Models)";3;14;0,214285714285714;0,00199627908592193;0,430718006628364
"Free form textual (Structured Requirements Lists)";2;14;0,142857142857143;-0,0376109871153991;0,324182415686828
"Textual with constraints (Domain/Business Process Models)";2;14;0,142857142857143;-0,0311962576930677;0,321481971978782
"Textual with constraints (Use Case Models)";3;14;0,214285714285714;0,00215757268609246;0,425985284456765
"Textual with constraints (Goal Models)";1;14;0,0714285714285714;-0,0604127404921409;0,207841311920712
"Textual with constraints (Data Models)";2;14;0,142857142857143;-0,0406782596287272;0,326821116771584
"Textual with constraints (Structured Requirements Lists)";5;14;0,357142857142857;0,115060034187854;0,605654251526432
"Semi-formal (UML) (Domain/Business Process Models)";4;14;0,285714285714286;0,0551050090675219;0,521323562361049
"Semi-formal (UML) (Use Case Models)";5;14;0,357142857142857;0,106090776817094;0,615766366040049
"Semi-formal (UML) (Goal Models)";1;14;0,0714285714285714;-0,0592516411774918;0,204394498320349
"Semi-formal (UML) (Data Models)";6;14;0,428571428571429;0,176479435953821;0,694234849760465
"Semi-formal (UML) (Structured Requirements Lists)";1;14;0,0714285714285714;-0,0621891805722179;0,205189180572218
"Formal  (Domain/Business Process Models)";0;14;0;0;0
"Formal  (Use Case Models)";0;14;0;0;0
"Formal  (Goal Models)";0;14;0;0;0
"Formal  (Data Models)";1;14;0,0714285714285714;-0,0637872654344237;0,208930122577281
"Formal  (Structured Requirements Lists)";0;14;0;0;0
