"";"NrQuoted";"NRespondents";"Estimate";"95Conf.int.low";"95Conf.int.up"
"A standard that is predefined according to a regulation (e.g., ITIL)";38;74;0,513513513513513;0,401801364715791;0,625144581230155
"A standard that is predefined by the development process (e.g., Rational Unified Process, Scrum)";24;74;0,324324324324324;0,21263718618054;0,434930381387027
"An own standard that defines the coarse process with deliverables, milestones, and phases";19;74;0,256756756756757;0,156246087849935;0,360672831068983
"An own standard that defines the process including roles and responsibilities.";18;74;0,243243243243243;0,143309434880171;0,338285159714424
"An own standard that defines artefacts and offers document templates";18;74;0,243243243243243;0,145392347922685;0,338931976401639
"None";1;74;0,0135135135135135;-0,0138701475509022;0,0415728502536049
