"";"NrQuoted";"NRespondents";"Estimate";"95Conf.int.low";"95Conf.int.up"
"Free form textual (Domain/Business Process Models)";3;10;0,3;0,0282919495409176;0,589308050459082
"Free form textual (Use Case Models)";4;10;0,4;0,085340981894734;0,709059018105266
"Free form textual (Goal Models)";1;10;0,1;-0,0735633145816619;0,285163314581662
"Free form textual (Data Models)";3;10;0,3;0,0127952105706072;0,582404789429393
"Free form textual (Structured Requirements Lists)";6;10;0,6;0,299989005726536;0,905810994273464
"Textual with constraints (Domain/Business Process Models)";2;10;0,2;-0,0499839019158172;0,447783901915817
"Textual with constraints (Use Case Models)";2;10;0,2;-0,0324415702671222;0,442041570267122
"Textual with constraints (Goal Models)";2;10;0,2;-0,0442395893211061;0,443239589321106
"Textual with constraints (Data Models)";1;10;0,1;-0,0839879465717065;0,286387946571707
"Textual with constraints (Structured Requirements Lists)";2;10;0,2;-0,0408811622252954;0,447081162225295
"Semi-formal (UML) (Domain/Business Process Models)";1;10;0,1;-0,0878301685134083;0,285230168513408
"Semi-formal (UML) (Use Case Models)";2;10;0,2;-0,0381851237564183;0,456585123756418
"Semi-formal (UML) (Goal Models)";0;10;0;0;0
"Semi-formal (UML) (Data Models)";1;10;0,1;-0,0922823786883461;0,288282378688346
"Semi-formal (UML) (Structured Requirements Lists)";1;10;0,1;-0,0913306920441006;0,291530692044101
"Formal  (Domain/Business Process Models)";0;10;0;0;0
"Formal  (Use Case Models)";1;10;0,1;-0,0880911315454492;0,288491131545449
"Formal  (Goal Models)";0;10;0;0;0
"Formal  (Data Models)";1;10;0,1;-0,0821500900024841;0,278950090002484
"Formal  (Structured Requirements Lists)";2;10;0,2;-0,0531522840090941;0,446952284009094
