"";"NrQuoted";"NRespondents";"Estimate";"95Conf.int.low";"95Conf.int.up"
"No";7;54;0,12962962962963;0,040830851244248;0,217835815422419
"Yes, our project teams improve requirements engineering.";22;54;0,407407407407407;0,28368288831234;0,540465259835808
"Yes, we improve our requirements engineering via an own business unit / role.";20;54;0,37037037037037;0,244534599055151;0,498724660204109
"Yes, we improve our requirements engineering via external consultants.";5;54;0,0925925925925926;0,0162822074848465;0,167902977700339
