"";"NrQuoted";"NRespondents";"Estimate";"95Conf.int.low";"95Conf.int.up"
"No";7;68;0,102941176470588;0,0280277520866817;0,174266365560377
"Yes, our project teams improve requirements engineering.";25;68;0,367647058823529;0,250280100231016;0,483190488004278
"Yes, we improve our requirements engineering via an own business unit / role.";33;68;0,485294117647059;0,365936343602973;0,602651891691145
"Yes, we improve our requirements engineering via external consultants.";3;68;0,0441176470588235;-0,00552272002058478;0,0941697788441142
