"";"NrQuoted";"NRespondents";"Estimate";"95Conf.int.low";"95Conf.int.up"
"Free form textual (Domain/Business Process Models)";4;8;0,5;0,164414295743023;0,831335704256977
"Free form textual (Use Case Models)";3;8;0,375;0,0517376069878691;0,706512393012131
"Free form textual (Goal Models)";4;8;0,5;0,169636154158463;0,848363845841537
"Free form textual (Data Models)";1;8;0,125;-0,109247803616884;0,355247803616884
"Free form textual (Structured Requirements Lists)";4;8;0,5;0,153767031757733;0,851982968242267
"Textual with constraints (Domain/Business Process Models)";3;8;0,375;0,03912833856882;0,71237166143118
"Textual with constraints (Use Case Models)";2;8;0,25;-0,0572058559491531;0,547705855949153
"Textual with constraints (Goal Models)";2;8;0,25;-0,034411700613809;0,542911700613809
"Textual with constraints (Data Models)";2;8;0,25;-0,0352270615185618;0,541977061518562
"Textual with constraints (Structured Requirements Lists)";2;8;0,25;-0,0473185674734961;0,543568567473496
"Semi-formal (UML) (Domain/Business Process Models)";3;8;0,375;0,0482661893660747;0,699733810633925
"Semi-formal (UML) (Use Case Models)";3;8;0,375;0,0371826661660736;0,715567333833926
"Semi-formal (UML) (Goal Models)";1;8;0,125;-0,111364972611045;0,359864972611045
"Semi-formal (UML) (Data Models)";5;8;0,625;0,277521195623303;0,969228804376697
"Semi-formal (UML) (Structured Requirements Lists)";1;8;0,125;-0,12103477250524;0,35728477250524
"Formal  (Domain/Business Process Models)";1;8;0,125;-0,102264047979331;0,350764047979331
"Formal  (Use Case Models)";0;8;0;0;0
"Formal  (Goal Models)";0;8;0;0;0
"Formal  (Data Models)";1;8;0,125;-0,118238907497389;0,354238907497389
"Formal  (Structured Requirements Lists)";1;8;0,125;-0,0994813018590131;0,353231301859013
