"";"NrQuoted";"NRespondents";"Estimate";"95Conf.int.low";"95Conf.int.up"
"No";34;216;0,157407407407407;0,110065256838928;0,203684743161072
"Yes, our project teams improve requirements engineering.";91;216;0,421296296296296;0,355578624804533;0,487254708528801
"Yes, we improve our requirements engineering via an own business unit / role.";80;216;0,37037037037037;0,303320224868463;0,435670515872277
"Yes, we improve our requirements engineering via external consultants.";11;216;0,0509259259259259;0,0222641472151862;0,0796895564885175
