"";"NrQuoted";"NRespondents";"Estimate";"95Conf.int.low";"95Conf.int.up"
"We have defined a tailoring approach that continuously guides the application of the standard in our project";8;64;0,125;0,0447449455408503;0,20478630445915
"We have tool support for tailoring our Requirements Engineering standard";8;64;0,125;0,044889734012232;0,207485265987768
"At the beginning of a project, the project lead / requirements engineer tailors the standard based on experiences";22;64;0,34375;0,226415180941133;0,460553569058867
"We do not consider a particular tailoring approach";24;64;0,375;0,254406241874539;0,493250008125461
