"";"NrQuoted";"NRespondents";"Estimate";"95Conf.int.low";"95Conf.int.up"
"We have a continuous change management.";36;64;0,5625;0,445366554568193;0,681352195431807
"We have a change management approach that applies after formally accepting a requirements specification.";17;64;0,265625;0,158811751657991;0,371000748342009
"We have a change management that applies during RE.";6;64;0,09375;0,0227156046764243;0,161346895323576
"We do not consider a change management in RE.";9;64;0,140625;0,0545505306982221;0,227199469301778
