"";"Estimate";"95Conf.int.low";"95Conf.int.up";"NRespondents"
"Compliance to regulations and standards (like CMMI)";3,1864406779661;2,87149550945147;3,49962313461632;71
"Seamless development by integrating Requirements Engineering into the development process";4,13559322033898;3,91800489743165;4,35867306867004;71
"Better tool support";3,64406779661017;3,39321897911129;3,89603525817685;71
"Formal prerequisite for project acquisition in your domain";3,05084745762712;2,77287449247511;3,31878652447404;71
"Support of distributed development";3,88135593220339;3,62460540079828;4,13797087038816;71
"Better support of progress control";3,93220338983051;3,68980739622145;4,18388751903279;71
"Better quality assurance of the artefacts (e.g., within quality gates)";4,01694915254237;3,77744222080557;4,24676116902494;71
"Support of benchmarks and / or comparison of different projects";3,25423728813559;2,93265565730352;3,58761552913716;71
"Support of project management and planning";4,20338983050847;3,96113757201806;4,43764208899889;71
"Higher efficiency";4,1864406779661;3,95885728575758;4,41263423966615;71
"Knowledge transfer";4,30508474576271;4,08384049775016;4,53134594292781;71
