"";"Estimate";"95Conf.int.low";"95Conf.int.up";"NRespondents"
"Communication flaws within the project development team";3,63636363636364;3,24871034321055;4,016744202244;14
"Communication flaws between developers and the customer";4;3,63342296717972;4,34766794191119;14
"Terminological problems";2,90909090909091;2,13855887218328;3,65980476418036;14
"Unclear responsibilities";3,09090909090909;2,34467643003936;3,840959933597;14
"Incomplete";3,81818181818182;3,31731037228805;4,32268962771195;14
"Implicit requirements not made explicit";4,18181818181818;3,76661416841987;4,59120401339831;14
"Insufficient support by project lead";3,18181818181818;2,65357210627851;3,72242789372149;14
"Insufficient support by customer";3,36363636363636;2,97593566296882;3,73951888248573;14
"Stakeholders with difficulties in separating requirements from previously known solution designs";3,81818181818182;3,15440726478822;4,47613818975723;14
"Inconsistent requirements";3,45454545454545;2,81478040069006;4,10576505385539;14
"Missing traceability";3,45454545454545;2,81033842619052;4,0818433919913;14
"Moving targets (changing goals, business processes and / or requirements)";3,90909090909091;3,30593731880215;4,49806268119785;14
"""Gold plating"" (implementation of features without corresponding requirements)";3,27272727272727;2,65321213933858;3,93678786066142;14
"Weak access to customer needs and / or (internal) business information";3;2,50459844071274;3,5117651956509;14
"Weak knowledge of customer's application domain";2,72727272727273;2,15848980167482;3,29605565287063;14
"Weak relationship between customer and project lead";2,36363636363636;1,73258412433105;2,98177951203259;14
"Time boxing / Not enough time in general";3,63636363636364;3,18618283374223;4,08454443898504;14
"Discrepancy between high degree of innovation and need for formal acceptance of (potentially wrong / incomplete / unknown) requirements";2,81818181818182;2,32076092504325;3,31796634768403;14
"Technically unfeasible requirements";3;2,38017104258338;3,68182895741662;14
"Underspecified requirements that are too abstract and allow for various interpretations";3,45454545454545;2,74587659555274;4,14266885899271;14
"Unclear / unmeasurable non-functional requirements";3,63636363636364;2,8622986275955;4,39224682694996;14
"Volatile customer's business domain regarding, e.g., changing points of contact, business processes or requirements";3,36363636363636;2,61633701463597;4,13748116718222;14
