"";"Estimate";"95Conf.int.low";"95Conf.int.up";"NRespondents"
"...is too hard to understand";2,08333333333333;1,60351517354862;2,56031815978471;14
"...is too complex";2,25;1,77925232977924;2,71324767022076;14
"...is too abstract";2,25;1,79512611728923;2,7257072160441;14
"...does not support the specification of precise requirements";3,16666666666667;2,64297664527469;3,67935668805864;14
"...does not scale to our projects' high complexity";2,75;2,34892364163549;3,14274302503118;14
"...is too heavy weight for our projects (e.g., it does not support agility)";2,33333333333333;1,98695827780167;2,68854172219833;14
"...is not flexible enough (e.g., it offers no means to tackle moving targets / change-intensive requirements)";2,75;2,08101561262679;3,42398438737321;14
"...does not sufficiently define a clear terminology";2,83333333333333;2,19192473565841;3,50657526434159;14
"...gives no guidance on how to create the specification documents";2,91666666666667;2,24226880164168;3,60756453169165;14
"...does not sufficiently allow for deviations according to project circumstances that cannot be formalised (e.g., politically motivated underspecified requirements)";2,83333333333333;2,34699650630482;3,32767016036184;14
"...does not fit to the variety of our projects  (e.g., size or technical domains).";2,5;1,99495156694842;2,97371509971824;14
"...does not sufficiently define roles and responsibilities";2,83333333333333;2,18085953439977;3,47530713226689;14
