"";"OtherSelected";"Value"
"3";"0";NA
"4";"1";"Licita<U+00E7><U+00F5>es com Requisitos ja estabelecidos"
"5";"0";NA
"6";"0";NA
"7";"0";NA
"8";"1";"Question<U+00E1>rios estruturados"
"9";"0";NA
"11";"0";NA
"13";"0";NA
"15";"0";NA
"16";"0";NA
"17";"0";NA
"19";"1";"Depende muito do cliente e do projeto, a abordagem pode variar para cada situa<U+00E7><U+00E3>o"
"20";"0";NA
"21";"1";"Levantamento de requisitos na implanta<U+00E7><U+00E3>o."
"22";"0";NA
"25";"0";NA
"31";"0";NA
"32";"0";NA
"35";"0";NA
"36";"0";NA
"37";"0";NA
"39";"0";NA
"41";"0";NA
"42";"0";NA
"44";"0";NA
"45";"0";NA
"46";"0";NA
"47";"0";NA
"48";"0";NA
"49";"0";NA
"50";"1";"Use cases"
"51";"0";NA
"54";"0";NA
"55";"0";NA
"56";"1";"Coment<U+00E1>rios de usu<U+00E1>rios em sites dos produtos e, tamb<U+00E9>m, coment<U+00E1>rios na loja de aplica<U+00E7><U+00F5>es. Temos ainda um site no qual o usu<U+00E1>rio pode informar o que gostaria que um produto passasse a possuir."
"57";"0";NA
"58";"0";NA
"59";"0";NA
"60";"0";NA
"62";"0";NA
"63";"0";NA
"64";"0";NA
"65";"0";NA
"70";"0";NA
"71";"0";NA
"72";"0";NA
"73";"0";NA
"74";"0";NA
"75";"0";NA
"77";"0";NA
"78";"0";NA
"79";"0";NA
"80";"1";"Regras de neg<U+00F3>cio"
"81";"0";NA
"82";"0";NA
"84";"0";NA
"85";"0";NA
"86";"0";NA
"88";"0";NA
"89";"0";NA
"90";"0";NA
"91";"0";NA
"93";"0";NA
"94";"0";NA
"96";"0";NA
"97";"0";NA
"99";"0";NA
"101";"0";NA
"102";"0";NA
"104";"0";NA
"107";"0";NA
"108";"1";"An<U+00E1>lise de documenta<U+00E7><U+00E3>o existente"
"109";"0";NA
