"";"OtherSelected";"Value"
"3";"0";NA
"4";"0";NA
"5";"0";NA
"6";"0";NA
"7";"0";NA
"8";"0";NA
"9";"0";NA
"11";"0";NA
"13";"0";NA
"15";"0";NA
"16";"0";NA
"17";"0";NA
"19";"0";NA
"20";"0";NA
"21";"0";NA
"22";"0";NA
"25";"0";NA
"31";"0";NA
"32";"0";NA
"35";"0";NA
"36";"0";NA
"37";"0";NA
"39";"0";NA
"41";"0";NA
"42";"0";NA
"44";"0";NA
"45";"0";NA
"46";"0";NA
"47";"0";NA
"48";"0";NA
"49";"0";NA
"50";"0";NA
"51";"0";NA
"54";"0";NA
"55";"0";NA
"56";"0";NA
"57";"0";NA
"58";"0";NA
"59";"1";"n<U+00F3>s fazemos an<U+00E1>lise de viabilidade, risco e efeito no product backlog diante da mudan<U+00E7>a"
"60";"0";NA
"62";"0";NA
"63";"0";NA
"64";"0";NA
"65";"0";NA
"70";"0";NA
"71";"0";NA
"72";"0";NA
"73";"0";NA
"74";"0";NA
"75";"1";"Reuni<U+00F5>es de planning (SCRUM) com cliente e time"
"77";"0";NA
"78";"0";NA
"79";"0";NA
"80";"0";NA
"81";"0";NA
"82";"1";"N<U+00F3>s analisamos o impacto na produtividade da sprint."
"84";"0";NA
"85";"0";NA
"86";"0";NA
"88";"0";NA
"89";"1";"Isto <U+00E9> feito de maneira n<U+00E3>o sistem<U+00E1>tica, apenas considerando o conhecimento t<U+00E1>cito da equipe."
"90";"0";NA
"91";"0";NA
"93";"0";NA
"94";"0";NA
"96";"0";NA
"97";"0";NA
"99";"0";NA
"101";"0";NA
"102";"0";NA
"104";"0";NA
"107";"0";NA
"108";"0";NA
"109";"0";NA
