"";"NrQuoted";"NRespondents";"Estimate";"95Conf.int.low";"95Conf.int.up"
"Free form textual (Domain/Business Process Models)";27;74;0,364864864864865;0,25531701069881;0,470926232544433
"Free form textual (Use Case Models)";13;74;0,175675675675676;0,0875887730874343;0,260059875561214
"Free form textual (Goal Models)";18;74;0,243243243243243;0,147902406202203;0,339178674878878
"Free form textual (Data Models)";8;74;0,108108108108108;0,040105219981538;0,176678563802246
"Free form textual (Structured Requirements Lists)";33;74;0,445945945945946;0,32775613103424;0,559595220317112
"Textual with constraints (Domain/Business Process Models)";19;74;0,256756756756757;0,162301668421519;0,358536169416319
"Textual with constraints (Use Case Models)";21;74;0,283783783783784;0,183104886856912;0,386246464494439
"Textual with constraints (Goal Models)";9;74;0,121621621621622;0,0495177538930014;0,193941705566458
"Textual with constraints (Data Models)";7;74;0,0945945945945946;0,0285790398455931;0,15793447366792
"Textual with constraints (Structured Requirements Lists)";27;74;0,364864864864865;0,257041217639499;0,475850674252393
"Semi-formal (UML) (Domain/Business Process Models)";15;74;0,202702702702703;0,109830541175309;0,289953242608475
"Semi-formal (UML) (Use Case Models)";30;74;0,405405405405405;0,288535047384622;0,515789276939702
"Semi-formal (UML) (Goal Models)";4;74;0,0540540540540541;0,00334119293557163;0,105145293550915
"Semi-formal (UML) (Data Models)";23;74;0,310810810810811;0,206959455962772;0,419581084577769
"Semi-formal (UML) (Structured Requirements Lists)";7;74;0,0945945945945946;0,0299548054375555;0,158937086454336
"Formal  (Domain/Business Process Models)";11;74;0,148648648648649;0,0652348059380591;0,22941384271059
"Formal  (Use Case Models)";9;74;0,121621621621622;0,045743651764897;0,198688780667535
"Formal  (Goal Models)";4;74;0,0540540540540541;0,00187756448241123;0,106419732814886
"Formal  (Data Models)";13;74;0,175675675675676;0,0896164190581609;0,259978175536434
"Formal  (Structured Requirements Lists)";12;74;0,162162162162162;0,0805692699558424;0,243998297611725
