"";"option.other.data.subset"
"3";NA
"4";NA
"5";NA
"6";NA
"7";NA
"8";NA
"9";NA
"11";NA
"13";NA
"15";NA
"16";NA
"17";NA
"19";NA
"20";NA
"21";"Trabalhamos com documenta<U+00E7><U+00E3>o da solicita<U+00E7><U+00E3>o de mudan<U+00E7>a a ser atendida no projeto ou atualizamos nosso backlog."
"22";NA
"25";NA
"31";"Registramos as solicita<U+00E7><U+00F5>es de mudan<U+00E7>a, analisamos os impactos e s<U+00F3> ap<U+00F3>s aprova<U+00E7><U+00E3>o formal do cliente, atualizamos a especifica<U+00E7><U+00E3>o de requisitos, desalocando e/ou alocando requisitos, gerando assim, uma nova vers<U+00E3>o"
"32";NA
"35";NA
"36";NA
"37";NA
"39";NA
"41";NA
"42";NA
"44";"Todos os projetos tem especifica<U+00E7><U+00E3>o de requisitos atualizada. Nos processos baseados em Scrum tamb<U+00E9>m <U+00E9> atualizado o backlog."
"45";NA
"46";NA
"47";NA
"48";NA
"49";NA
"50";NA
"51";NA
"54";NA
"55";NA
"56";NA
"57";NA
"58";NA
"59";NA
"60";NA
"62";NA
"63";NA
"64";NA
"65";NA
"70";NA
"71";NA
"72";NA
"73";NA
"74";NA
"75";NA
"77";NA
"78";NA
"79";NA
"80";NA
"81";NA
"82";NA
"84";NA
"85";NA
"86";NA
"88";NA
"89";NA
"90";"Das 3 formas acima, conforme a maturidade da equipe/projeto"
"91";NA
"93";NA
"94";NA
"96";"Requisi<U+00E7><U+00F5>es de mudan<U+00E7>as mas n<U+00E3>o de forma restrita"
"97";NA
"99";NA
"101";NA
"102";NA
"104";NA
"107";"Quando o cliente solicita uma mudan<U+00E7>a de requisitos o projeto sofre um replanejamento e as estimativas s<U+00E3>o refeitas."
"108";NA
"109";NA
