"";"option.other.data.subset"
"3";NA
"4";NA
"5";NA
"6";NA
"7";NA
"8";NA
"9";NA
"11";NA
"13";NA
"15";NA
"16";NA
"17";NA
"19";NA
"20";NA
"21";NA
"22";NA
"25";NA
"31";"Existe uma orienta<U+00E7><U+00E3>o para especifica<U+00E7><U+00E3>o quantific<U+00E1>vel e isso vem sendo observado nas verifica<U+00E7><U+00F5>es de qualidade, mas ainda n<U+00E3>o se apresenta como uma pr<U+00E1>tica arraigada."
"32";NA
"35";"Hist<U+00F3>rias de Usu<U+00E1>rio"
"36";NA
"37";NA
"39";NA
"41";NA
"42";NA
"44";NA
"45";NA
"46";NA
"47";NA
"48";NA
"49";NA
"50";"varia conforme projeto"
"51";NA
"54";NA
"55";NA
"56";NA
"57";NA
"58";NA
"59";"Cart<U+00F5>es padronizados fixados no User Story Map do Projeto"
"60";NA
"62";NA
"63";NA
"64";NA
"65";NA
"70";NA
"71";NA
"72";NA
"73";NA
"74";NA
"75";NA
"77";NA
"78";NA
"79";NA
"80";NA
"81";NA
"82";NA
"84";NA
"85";NA
"86";NA
"88";NA
"89";"No geral, n<U+00E3>o <U+00E9> descrito. "
"90";NA
"91";NA
"93";NA
"94";NA
"96";NA
"97";NA
"99";NA
"101";NA
"102";NA
"104";NA
"107";NA
"108";NA
"109";NA
