"";"OtherSelected";"Value"
"3";"0";NA
"4";"0";NA
"5";"0";NA
"6";"0";NA
"7";"1";"req-req; req-uc; uc-codigoFonte"
"8";"0";NA
"9";"0";NA
"11";"0";NA
"13";"0";NA
"15";"0";NA
"16";"0";NA
"17";"0";NA
"19";"0";NA
"20";"0";NA
"21";"0";NA
"22";"0";NA
"25";"0";NA
"31";"0";NA
"32";"0";NA
"35";"0";NA
"36";"0";NA
"37";"0";NA
"39";"1";"rastreabilidade entre requisitos. rastreabilidade com c<U+00F3>digo <U+00E9> poss<U+00ED>vel mas ainda incipiente."
"41";"0";NA
"42";"0";NA
"44";"0";NA
"45";"0";NA
"46";"1";"Requisito e casos de teste"
"47";"0";NA
"48";"0";NA
"49";"0";NA
"50";"0";NA
"51";"0";NA
"54";"0";NA
"55";"0";NA
"56";"0";NA
"57";"0";NA
"58";"0";NA
"59";"1";"Rastreabilidade de requisitos, documentos do projeto, commits, c<U+00F3>digo"
"60";"0";NA
"62";"0";NA
"63";"0";NA
"64";"0";NA
"65";"0";NA
"70";"0";NA
"71";"0";NA
"72";"0";NA
"73";"0";NA
"74";"0";NA
"75";"0";NA
"77";"0";NA
"78";"0";NA
"79";"0";NA
"80";"1";"Entre requisitos e demanda, requisito e requisito"
"81";"0";NA
"82";"0";NA
"84";"1";"Entre requisitos, documentos del proyecto y c<U+00F3>digo"
"85";"0";NA
"86";"0";NA
"88";"0";NA
"89";"0";NA
"90";"1";"Requisito x Requisito"
"91";"0";NA
"93";"0";NA
"94";"0";NA
"96";"1";"RequisitoxRequisito, requisitoxUCS"
"97";"0";NA
"99";"0";NA
"101";"0";NA
"102";"0";NA
"104";"0";NA
"107";"1";"Rastreabilidade entre requisitos e casos de teste. "
"108";"0";NA
"109";"0";NA
