"";"Estimate";"95Conf.int.low";"95Conf.int.up";"NRespondents"
"Communication flaws within the project development team";2,23076923076923;1,56647948788268;2,91844358904039;20
"Communication flaws between developers and the customer";3,46153846153846;2,77584864562859;4,14476673898679;20
"Terminological problems";2,84615384615385;2,14689359112924;3,53572179348614;20
"Unclear responsibilities";2,61538461538462;2,01894863662984;3,20612828644709;20
"Incomplete";3;2,36757772287644;3,62534535404664;20
"Implicit requirements not made explicit";3,61538461538462;2,94465086607801;4,28827221084506;20
"Insufficient support by project lead";2,53846153846154;2,21678074822358;2,86521925177642;20
"Insufficient support by customer";3;2,57240792300164;3,42697669238297;20
"Stakeholders with difficulties in separating requirements from previously known solution designs";3,69230769230769;3,18283744005028;4,2057779445651;20
"Inconsistent requirements";3,15384615384615;2,63983313809362;3,66293609267561;20
"Missing traceability";2,92307692307692;2,15399327741822;3,69231441488947;20
"Moving targets (changing goals, business processes and / or requirements)";3;2,20289879571469;3,80263966582377;20
"""Gold plating"" (implementation of features without corresponding requirements)";3,61538461538462;3,1718088037605;4,07003735008565;20
"Weak access to customer needs and / or (internal) business information";3,15384615384615;2,69923848055733;3,63522305790421;20
"Weak knowledge of customer's application domain";2,53846153846154;1,86516715767496;3,19790976540196;20
"Weak relationship between customer and project lead";2,53846153846154;1,99583662375109;3,07154799163353;20
"Time boxing / Not enough time in general";3,69230769230769;3,06489829175729;4,31264016978117;20
"Discrepancy between high degree of innovation and need for formal acceptance of (potentially wrong / incomplete / unknown) requirements";2,84615384615385;2,4383761469374;3,2516238530626;20
"Technically unfeasible requirements";2,38461538461538;1,93480455764967;2,84811851927341;20
"Underspecified requirements that are too abstract and allow for various interpretations";3,30769230769231;2,93366651849439;3,70217963535177;20
"Unclear / unmeasurable non-functional requirements";3,07692307692308;2,51910338944282;3,61658891824949;20
"Volatile customer's business domain regarding, e.g., changing points of contact, business processes or requirements";2,61538461538462;2,2304601053922;3,0075398946078;20
