"";"Estimate";"95Conf.int.low";"95Conf.int.up";"NRespondents"
"...is too hard to understand";2,13333333333333;1,52595376929487;2,72604623070513;20
"...is too complex";2,13333333333333;1,6000177207205;2,6759822792795;20
"...is too abstract";2,6;2,15521916265319;3,00478083734681;20
"...does not support the specification of precise requirements";2,13333333333333;1,61740644005601;2,64246022661065;20
"...does not scale to our projects' high complexity";2,33333333333333;1,7341892930479;2,9522107069521;20
"...is too heavy weight for our projects (e.g., it does not support agility)";2,93333333333333;2,34924579551049;3,50168753782284;20
"...is not flexible enough (e.g., it offers no means to tackle moving targets / change-intensive requirements)";2,6;1,96603236976139;3,22663429690528;20
"...does not sufficiently define a clear terminology";3,13333333333333;2,55935632353329;3,70917700980004;20
"...gives no guidance on how to create the specification documents";2,46666666666667;1,84332888472489;3,05147111527511;20
"...does not sufficiently allow for deviations according to project circumstances that cannot be formalised (e.g., politically motivated underspecified requirements)";2,66666666666667;2,08332013168422;3,24361320164911;20
"...does not fit to the variety of our projects  (e.g., size or technical domains).";2,46666666666667;1,91828030691965;3,03105302641368;20
"...does not sufficiently define roles and responsibilities";2,46666666666667;1,84978367097259;3,08034966236075;20
