"";"OtherSelected";"Value"
"1";NA;NA
"2";"0";NA
"3";NA;NA
"4";NA;NA
"5";"0";NA
"6";"0";NA
"7";"0";NA
"8";NA;NA
"9";"0";NA
"10";"0";NA
"11";"1";"better efficiency"
"12";"0";NA
"13";"0";NA
"14";"0";NA
"15";"0";NA
"16";"0";NA
"17";"0";NA
"18";"0";NA
"19";"0";NA
"20";"0";NA
"21";"0";NA
"22";"0";NA
"23";"0";NA
"24";"0";NA
"25";"1";"because RE is what we sell to our customers, and therefore we have to be at a high level of knowledge and quality"
"26";NA;NA
"27";"1";"part of overall improvement of SE practices"
"28";"1";"Achieve higher efficiency and quality"
"29";"0";NA
"30";"0";NA
"31";"0";NA
"32";"0";NA
"33";"1";"Only by continuous improvement and evolution, the RM practices can be kept functioning and effective in a huge global product development organization"
"34";"0";NA
"35";"0";NA
"36";"0";NA
"37";"0";NA
"38";"0";NA
"39";"0";NA
"40";"0";NA
"41";"0";NA
"42";"0";NA
"43";"0";NA
"44";"0";NA
"45";"0";NA
"46";"1";"It helps us to meet our customers demands better and stabalizes our product quality"
"47";"0";NA
"48";"0";NA
"49";"1";"to accelerate projects and avoid mistakes made in the past"
"50";"1";"We want to show how important good RE is"
"51";NA;NA
"52";"0";NA
"53";"0";NA
"54";NA;NA
"55";"0";NA
