"";"NrQuoted";"NRespondents";"Estimate";"95Conf.int.low";"95Conf.int.up"
"It helps us to determine our strenghts and weaknesses and act accordingly";37;48;0,770833333333333;0,651442923570138;0,889140409763195
"An improvement is expected by our customer";9;48;0,1875;0,0828591672826827;0,297349166050651
"We conduct the improvement to obtain a certain certification.";3;48;0,0625;-0,00762979715512128;0,128921463821788
"An improvement is demanded by a regulation (e.g., CMMI, Cobit, or ITIL)";4;48;0,0833333333333333;0,0053353772596403;0,163581289407026
