"";"NrQuoted";"NRespondents";"Estimate";"95Conf.int.low";"95Conf.int.up"
"It helps us to determine our strenghts and weaknesses and act accordingly";44;60;0,733333333333333;0,61589409169577;0,845172574970897
"An improvement is expected by our customer";15;60;0,25;0,137851395529449;0,363315271137217
"We conduct the improvement to obtain a certain certification.";3;60;0,05;-0,00375940792848711;0,106726074595154
"An improvement is demanded by a regulation (e.g., CMMI, Cobit, or ITIL)";6;60;0,1;0,0245340606948578;0,176099272638476
