"";"OtherSelected";"Value"
"1";"0";NA
"2";"0";NA
"3";NA;NA
"4";NA;NA
"5";"0";NA
"6";NA;NA
"7";"0";NA
"8";NA;NA
"9";NA;NA
"10";"1";"We improve continuously everything we can with the speed we can because we can"
"11";"0";NA
"12";"0";NA
"13";"0";NA
"14";"1";"don't know"
"15";"0";NA
"16";"0";NA
"17";"0";NA
"18";"0";NA
"19";"0";NA
"20";"0";NA
"21";"0";NA
"22";"0";NA
"23";"0";NA
"24";"1";"Communications skills can always be improved"
"25";NA;NA
"26";"0";NA
"27";"0";NA
"28";"0";NA
"29";"0";NA
"30";"0";NA
"31";"1";"To ensure we are cost effecitive and solving the only the most valuable problems"
"32";NA;NA
"33";"0";NA
"34";"0";NA
"35";"0";NA
"36";"1";"Continuous Improvement is past of everything we do"
"37";"0";NA
"38";"0";NA
"39";"0";NA
"40";"0";NA
"41";"0";NA
"42";"0";NA
"43";"0";NA
"44";NA;NA
"45";"1";NA
"46";"0";NA
"47";"0";NA
"48";"0";NA
"49";"0";NA
"50";"0";NA
"51";"0";NA
"52";"0";NA
"53";"0";NA
"54";"1";"A major part of our survival as technical experts are that we always improve and develop our processes, methods, tools and competences"
"55";"0";NA
"56";"0";NA
"57";"1";"To sell the products to new customer"
"58";"0";NA
"59";NA;NA
"60";NA;NA
"61";"0";NA
"62";"0";NA
"63";"0";NA
"64";"1";"We try to adjust our model to fit us better and to avoid pit holes in earlier projects"
"65";"1";"necessary for purchase"
"66";"0";NA
"67";NA;NA
"68";"0";NA
"69";"0";NA
"70";"0";NA
"71";"0";NA
