"";"NrQuoted";"NRespondents";"Estimate";"95Conf.int.low";"95Conf.int.up"
"A standard that is predefined according to a regulation (e.g., ITIL)";0;10;0;0;0
"A standard that is predefined by the development process (e.g., Rational Unified Process, Scrum)";6;10;0,6;0,295207300965202;0,888192699034798
"An own standard that defines the coarse process with deliverables, milestones, and phases";7;10;0,7;0,42226650017991;0,97493349982009
"An own standard that defines the process including roles and responsibilities.";3;10;0,3;0,00393882585285155;0,579861174147148
"An own standard that defines artefacts and offers document templates";3;10;0,3;0,023061395344726;0,591738604655274
"None";0;10;0;0;0
