"";"NrQuoted";"NRespondents";"Estimate";"95Conf.int.low";"95Conf.int.up"
"A standard that is predefined according to a regulation (e.g., ITIL)";7;20;0,35;0,148340034536968;0,561759965463032
"A standard that is predefined by the development process (e.g., Rational Unified Process, Scrum)";10;20;0,5;0,278644217776455;0,708055782223544
"An own standard that defines the coarse process with deliverables, milestones, and phases";6;20;0,3;0,0978951295461556;0,499004870453844
"An own standard that defines the process including roles and responsibilities.";6;20;0,3;0,0976867052069766;0,505313294793023
"An own standard that defines artefacts and offers document templates";5;20;0,25;0,0492789845211213;0,445121015478879
"None";0;20;0;0;0
