"";"NrQuoted";"NRespondents";"Estimate";"95Conf.int.low";"95Conf.int.up"
"No";12;66;0,181818181818182;0,0877533249843265;0,275701220470219
"Yes, our project teams improve requirements engineering.";35;66;0,53030303030303;0,402021749082674;0,657614614553689
"Yes, we improve our requirements engineering via an own business unit / role.";17;66;0,257575757575758;0,150721177237118;0,357672762156822
"Yes, we improve our requirements engineering via external consultants.";2;66;0,0303030303030303;-0,0100155861683155;0,0716519498046791
