"";"NrQuoted";"NRespondents";"Estimate";"95Conf.int.low";"95Conf.int.up"
"We have a continuous change management.";2;13;0,153846153846154;-0,0423821159569585;0,346843654418497
"We have a change management approach that applies after formally accepting a requirements specification.";7;13;0,538461538461538;0,27102010489747;0,810364510487145
"We have a change management that applies during RE.";0;13;0;0;0
"We do not consider a change management in RE.";4;13;0,307692307692308;0,0550335261727984;0,562966473827202
