"";"NrQuoted";"NRespondents";"Estimate";"95Conf.int.low";"95Conf.int.up"
"We have defined a tailoring approach that continuously guides the application of the standard in our project";1;13;0,0769230769230769;-0,0550915439857032;0,21801462090878
"We have tool support for tailoring our Requirements Engineering standard";1;13;0,0769230769230769;-0,073755781540447;0,224371166155832
"At the beginning of a project, the project lead / requirements engineer tailors the standard based on experiences";9;13;0,692307692307692;0,437363749966685;0,944943942341007
"We do not consider a particular tailoring approach";2;13;0,153846153846154;-0,0394950879975723;0,352110472612957
