"";"Estimate";"95Conf.int.low";"95Conf.int.up";"NRespondents"
"Compliance to regulations and standards (like CMMI)";3,58333333333333;3,03809629583658;4,11290370416342;13
"Seamless development by integrating Requirements Engineering into the development process";4,5;3,94140712390227;5,06342620943107;13
"Better tool support";3,91666666666667;3,33464219294335;4,50735780705665;13
"Formal prerequisite for project acquisition in your domain";3;2,54205061834374;3,45744938165626;13
"Support of distributed development";3,66666666666667;2,98295306264697;4,36104693735303;13
"Better support of progress control";4,16666666666667;3,62863605406773;4,7416972792656;13
"Better quality assurance of the artefacts (e.g., within quality gates)";4,41666666666667;3,87611845608924;4,95804821057743;13
"Support of benchmarks and / or comparison of different projects";3,5;2,97908102278014;4,03425231055319;13
"Support of project management and planning";4,33333333333333;3,96364076347261;4,69935923652739;13
"Higher efficiency";3,83333333333333;3,44157845330845;4,23792154669155;13
"Knowledge transfer";4,33333333333333;3,79839102453208;4,85577564213459;13
