"";"NrQuoted";"NRespondents";"Estimate";"95Conf.int.low";"95Conf.int.up"
"Free form textual (Domain/Business Process Models)";13;41;0,317073170731707;0,176869765952213;0,460496087706323
"Free form textual (Use Case Models)";12;41;0,292682926829268;0,155726660842711;0,426517241596313
"Free form textual (Goal Models)";12;41;0,292682926829268;0,160607894140467;0,433977471713191
"Free form textual (Data Models)";7;41;0,170731707317073;0,06200312739086;0,283948092121335
"Free form textual (Structured Requirements Lists)";18;41;0,439024390243902;0,286235725957209;0,590203298433035
"Textual with constraints (Domain/Business Process Models)";7;41;0,170731707317073;0,057772214342628;0,285886322242738
"Textual with constraints (Use Case Models)";13;41;0,317073170731707;0,171855143602654;0,458047295421736
"Textual with constraints (Goal Models)";6;41;0,146341463414634;0,0409019460400062;0,246415127130725
"Textual with constraints (Data Models)";4;41;0,0975609756097561;0,0101753181267194;0,190800291629378
"Textual with constraints (Structured Requirements Lists)";19;41;0,463414634146341;0,312355593502181;0,619741967473429
"Semi-formal (UML) (Domain/Business Process Models)";16;41;0,390243902439024;0,24340677665262;0,537227369688844
"Semi-formal (UML) (Use Case Models)";26;41;0,634146341463415;0,491077419858129;0,781459165507725
"Semi-formal (UML) (Goal Models)";3;41;0,0731707317073171;-0,00467375294024862;0,152478630989029
"Semi-formal (UML) (Data Models)";19;41;0,463414634146341;0,305727022247625;0,61212663628896
"Semi-formal (UML) (Structured Requirements Lists)";3;41;0,0731707317073171;-0,0082807766604942;0,152914923001958
"Formal  (Domain/Business Process Models)";6;41;0,146341463414634;0,038835794178106;0,252432498504821
"Formal  (Use Case Models)";1;41;0,024390243902439;-0,0237249056878639;0,0724078325171322
"Formal  (Goal Models)";1;41;0,024390243902439;-0,022695162396577;0,0701585770307234
"Formal  (Data Models)";9;41;0,219512195121951;0,0988080030950377;0,347191996904962
"Formal  (Structured Requirements Lists)";3;41;0,0731707317073171;-0,00325415682845158;0,151644400730891
