"";"option.other.data.subset"
"1";NA
"2";NA
"3";NA
"5";NA
"6";NA
"7";NA
"8";NA
"9";"all methods, depends on the project"
"10";NA
"11";NA
"12";NA
"14";NA
"15";"change management"
"16";NA
"17";NA
"18";NA
"19";NA
"20";NA
"22";NA
"24";NA
"25";NA
"27";NA
"28";"We use CRs- depending on the issue we update spec, or other configuration objects"
"29";NA
"30";NA
"31";NA
"33";NA
"34";NA
"35";NA
"36";NA
"39";NA
"40";NA
"41";NA
"43";NA
"44";"we write a system documentation based on requ. spec.; this documentation is updated after each release based on CRs or new requirement specs."
"45";NA
"46";NA
"47";NA
"48";NA
"49";NA
"50";NA
