"";"OtherSelected";"Value"
"1";"0";NA
"2";"0";NA
"3";"0";NA
"5";"0";NA
"6";"1";"governmental restrictions"
"7";"0";NA
"8";"1";"Customer demands..."
"9";"0";NA
"10";"1";"We provide a checklist with elicitation techniques for projects"
"11";"0";NA
"12";"1";"old documentation"
"14";"0";NA
"15";"1";"market surveys"
"16";"0";NA
"17";"0";NA
"18";"0";NA
"19";"0";NA
"20";"0";NA
"22";"1";"typically, marketing and system/component engineers write them (most common in continuous product dev)"
"24";"0";NA
"25";"0";NA
"27";"0";NA
"28";"0";NA
"29";"0";NA
"30";"0";NA
"31";"0";NA
"33";"0";NA
"34";"0";NA
"35";"0";NA
"36";"0";NA
"39";"0";NA
"40";"0";NA
"41";"0";NA
"43";"0";NA
"44";"0";NA
"45";"0";NA
"46";"0";NA
"47";"0";NA
"48";"0";NA
"49";"0";NA
"50";"0";NA
