"";"option.other.data.subset"
"1";NA
"2";NA
"3";NA
"5";"we only differentiate between stakeholder requs and system requs. both can be qualitative or quantitative."
"6";NA
"7";NA
"8";NA
"9";NA
"10";NA
"11";NA
"12";"sometimes graphically"
"14";NA
"15";NA
"16";NA
"17";NA
"18";"on our User Stories"
"19";NA
"20";NA
"22";NA
"24";NA
"25";NA
"27";NA
"28";NA
"29";NA
"30";NA
"31";NA
"33";"both"
"34";NA
"35";NA
"36";NA
"39";NA
"40";NA
"41";NA
"43";NA
"44";NA
"45";NA
"46";NA
"47";NA
"48";NA
"49";NA
"50";NA
