"";"OtherSelected";"Value"
"1";"1";"requirements to test"
"2";"0";NA
"3";"0";NA
"5";"1";"traces between requirements, underlying needs and context of use"
"6";"0";NA
"7";"0";NA
"8";"0";NA
"9";"1";"depends on the project"
"10";"1";"Theroretically a lot"
"11";"0";NA
"12";"1";"traces between customer requirements and software specifications"
"14";"0";NA
"15";"0";NA
"16";"0";NA
"17";"1";"between requirements and tests"
"18";"0";NA
"19";"0";NA
"20";"0";NA
"22";"1";"Traces between requirements (different req. levels); traces between requirements and test; traces between change requests and requirements"
"24";"0";NA
"25";"1";"Traces between requirements and requirements"
"27";"1";"Traces between requirements and tests"
"28";"1";"Request - Requirements - tech-Specs - Code"
"29";"0";NA
"30";"0";NA
"31";"0";NA
"33";"1";"Traces between requirements and test cases."
"34";"0";NA
"35";"0";NA
"36";"0";NA
"39";"1";"Traces between requirements and feature specifications"
"40";"0";NA
"41";"0";NA
"43";"0";NA
"44";"0";NA
"45";"0";NA
"46";"1";"Traces between requirements and tests."
"47";"0";NA
"48";"1";"requirements and test cases"
"49";"0";NA
"50";"0";NA
