"";"NrQuoted";"NRespondents";"Estimate";"95Conf.int.low";"95Conf.int.up"
"Free form textual (Domain/Business Process Models)";6;13;0,461538461538462;0,211188528863116;0,728811471136884
"Free form textual (Use Case Models)";5;13;0,384615384615385;0,113531267602801;0,652314886243353
"Free form textual (Goal Models)";2;13;0,153846153846154;-0,0380597382301142;0,34744435361473
"Free form textual (Data Models)";1;13;0,0769230769230769;-0,0690147822519307;0,223630166867315
"Free form textual (Structured Requirements Lists)";6;13;0,461538461538462;0,204634751442757;0,723826787018782
"Textual with constraints (Domain/Business Process Models)";2;13;0,153846153846154;-0,0437315638616206;0,351577717707774
"Textual with constraints (Use Case Models)";4;13;0,307692307692308;0,0509121392569332;0,555703245358451
"Textual with constraints (Goal Models)";2;13;0,153846153846154;-0,0397220611971569;0,349875907351003
"Textual with constraints (Data Models)";2;13;0,153846153846154;-0,0423736377923189;0,345758253176934
"Textual with constraints (Structured Requirements Lists)";3;13;0,230769230769231;0,00197254912366901;0,461565912414793
"Semi-formal (UML) (Domain/Business Process Models)";1;13;0,0769230769230769;-0,069631664187099;0,225016279571714
"Semi-formal (UML) (Use Case Models)";5;13;0,384615384615385;0,125788658543596;0,654057495302558
"Semi-formal (UML) (Goal Models)";0;13;0;0;0
"Semi-formal (UML) (Data Models)";2;13;0,153846153846154;-0,0386961338106847;0,354234595349146
"Semi-formal (UML) (Structured Requirements Lists)";0;13;0;0;0
"Formal  (Domain/Business Process Models)";4;13;0,307692307692308;0,0690618273108054;0,565707403458426
"Formal  (Use Case Models)";1;13;0,0769230769230769;-0,0585895030011152;0,219974118385731
"Formal  (Goal Models)";3;13;0,230769230769231;0,00176314653319973;0,463775315005262
"Formal  (Data Models)";2;13;0,153846153846154;-0,0374463756929053;0,35206176030829
"Formal  (Structured Requirements Lists)";3;13;0,230769230769231;0,00364788095236615;0,460352119047634
