"";"option.other.data.subset"
"1";"Basically all our customers use non-quantified textual requirements"
"2";NA
"3";NA
"4";NA
"5";NA
"6";NA
"7";NA
"8";NA
"9";NA
"10";NA
"11";NA
"12";NA
"13";NA
"14";NA
"15";NA
"16";NA
"17";NA
"18";"we only differentiate between stakeholder requs and system requs. both can be qualitative or quantitative."
"19";NA
"20";NA
"21";NA
"22";NA
"23";NA
"24";NA
"25";"sometimes graphically"
"26";NA
"27";NA
"28";NA
"29";NA
"30";"on our User Stories"
"31";NA
"32";NA
"33";NA
"34";NA
"35";NA
"36";NA
"37";NA
"38";NA
"39";NA
"40";NA
"41";"both"
"42";NA
"43";NA
"44";NA
"45";NA
"46";NA
"47";NA
"48";NA
"49";NA
"50";NA
"51";NA
"52";NA
"53";NA
"54";NA
"55";NA
