"";"NrQuoted";"NRespondents";"Estimate";"95Conf.int.low";"95Conf.int.up"
"Free form textual (Domain/Business Process Models)";19;55;0,345454545454545;0,226362129832881;0,468256051985301
"Free form textual (Use Case Models)";19;55;0,345454545454545;0,21841307824907;0,473550558114566
"Free form textual (Goal Models)";18;55;0,327272727272727;0,206707162919232;0,453256473444405
"Free form textual (Data Models)";10;55;0,181818181818182;0,0780430187002407;0,287593344936123
"Free form textual (Structured Requirements Lists)";20;55;0,363636363636364;0,24188338975695;0,490225701152141
"Textual with constraints (Domain/Business Process Models)";9;55;0,163636363636364;0,0631883028615332;0,255575333502103
"Textual with constraints (Use Case Models)";16;55;0,290909090909091;0,173909254032686;0,409145291421859
"Textual with constraints (Goal Models)";7;55;0,127272727272727;0,0352421769338264;0,216285095793446
"Textual with constraints (Data Models)";6;55;0,109090909090909;0,0256157216747124;0,192784278325288
"Textual with constraints (Structured Requirements Lists)";24;55;0,436363636363636;0,305514293229788;0,569140252224758
"Semi-formal (UML) (Domain/Business Process Models)";20;55;0,363636363636364;0,235639750693641;0,490323885669995
"Semi-formal (UML) (Use Case Models)";31;55;0,563636363636364;0,428627341186127;0,696572658813873
"Semi-formal (UML) (Goal Models)";4;55;0,0727272727272727;0,00101162035676457;0,146515652370508
"Semi-formal (UML) (Data Models)";25;55;0,454545454545455;0,326552587440715;0,586247412559285
"Semi-formal (UML) (Structured Requirements Lists)";4;55;0,0727272727272727;0,00132772922811465;0,144526816226431
"Formal  (Domain/Business Process Models)";6;55;0,109090909090909;0,030518846919909;0,192062971261909
"Formal  (Use Case Models)";1;55;0,0181818181818182;-0,0177521822847128;0,0530976368301674
"Formal  (Goal Models)";1;55;0,0181818181818182;-0,0152458749138808;0,053427693095699
"Formal  (Data Models)";10;55;0,181818181818182;0,0762995953808218;0,284754950073724
"Formal  (Structured Requirements Lists)";3;55;0,0545454545454545;-0,00601157564285244;0,114120666551943
