"";"OtherSelected";"Value"
"1";"0";NA
"2";"1";"Specifications"
"3";"0";NA
"4";"0";NA
"5";"0";NA
"6";"0";NA
"7";"1";"Surveys"
"8";"0";NA
"9";"0";NA
"10";"0";NA
"11";"0";NA
"12";"0";NA
"13";"0";NA
"14";"0";NA
"15";"0";NA
"16";"0";NA
"17";"0";NA
"18";"0";NA
"19";"1";"governmental restrictions"
"20";"0";NA
"21";"1";"Customer demands..."
"22";"0";NA
"23";"1";"We provide a checklist with elicitation techniques for projects"
"24";"0";NA
"25";"1";"old documentation"
"26";"0";NA
"27";"1";"market surveys"
"28";"0";NA
"29";"0";NA
"30";"0";NA
"31";"0";NA
"32";"0";NA
"33";"1";"typically, marketing and system/component engineers write them (most common in continuous product dev)"
"34";"0";NA
"35";"0";NA
"36";"0";NA
"37";"0";NA
"38";"0";NA
"39";"0";NA
"40";"0";NA
"41";"0";NA
"42";"0";NA
"43";"0";NA
"44";"0";NA
"45";"0";NA
"46";"0";NA
"47";"0";NA
"48";"0";NA
"49";"0";NA
"50";"0";NA
"51";"0";NA
"52";"0";NA
"53";"0";NA
"54";"0";NA
"55";"0";NA
