"";"OtherSelected";"Value"
"1";"1";"impact analysis on time schedule"
"2";"0";NA
"3";"0";NA
"4";"0";NA
"5";"0";NA
"6";"0";NA
"7";"0";NA
"8";"0";NA
"9";"1";"Project-dependent"
"10";"0";NA
"11";"0";NA
"12";"0";NA
"13";"1";"Mainly cost effects are analyzed"
"14";"0";NA
"15";"0";NA
"16";"0";NA
"17";"0";NA
"18";"0";NA
"19";"0";NA
"20";"0";NA
"21";"0";NA
"22";"0";NA
"23";"0";NA
"24";"1";"between requirements by review (often with developers)"
"25";"0";NA
"26";"0";NA
"27";"0";NA
"28";"0";NA
"29";"0";NA
"30";"0";NA
"31";"0";NA
"32";"0";NA
"33";"1";"impact from requirements to test cases"
"34";"0";NA
"35";"0";NA
"36";"0";NA
"37";"0";NA
"38";"0";NA
"39";"0";NA
"40";"0";NA
"41";"1";"Rerun test suites"
"42";"0";NA
"43";"0";NA
"44";"0";NA
"45";"1";"We use monitoring (Adobe omniture)"
"46";"0";NA
"47";"0";NA
"48";"0";NA
"49";"0";NA
"50";"0";NA
"51";"0";NA
"52";"0";NA
"53";"0";NA
"54";"0";NA
"55";"0";NA
