"";"OtherSelected";"Value"
"1";"1";"Traces between requirements and bugs"
"2";"0";NA
"3";"0";NA
"4";"0";NA
"5";"0";NA
"6";"0";NA
"7";"0";NA
"8";"0";NA
"9";"1";"Project-dependent"
"10";"1";"Traces between requirements and tests cases."
"11";"0";NA
"12";"1";"Traces between requirements and specification documents and scope statements."
"13";"0";NA
"14";"0";NA
"15";"1";"requirements to test"
"16";"0";NA
"17";"0";NA
"18";"1";"traces between requirements, underlying needs and context of use"
"19";"0";NA
"20";"0";NA
"21";"0";NA
"22";"1";"depends on the project"
"23";"1";"Theroretically a lot"
"24";"0";NA
"25";"1";"traces between customer requirements and software specifications"
"26";"0";NA
"27";"0";NA
"28";"0";NA
"29";"1";"between requirements and tests"
"30";"0";NA
"31";"0";NA
"32";"0";NA
"33";"1";"Traces between requirements (different req. levels); traces between requirements and test; traces between change requests and requirements"
"34";"0";NA
"35";"1";"Traces between requirements and requirements"
"36";"1";"Traces between requirements and tests"
"37";"1";"Request - Requirements - tech-Specs - Code"
"38";"0";NA
"39";"0";NA
"40";"0";NA
"41";"1";"Traces between requirements and test cases."
"42";"0";NA
"43";"0";NA
"44";"0";NA
"45";"1";"Traces between requirements and feature specifications"
"46";"0";NA
"47";"0";NA
"48";"0";NA
"49";"0";NA
"50";"0";NA
"51";"1";"Traces between requirements and tests."
"52";"0";NA
"53";"1";"requirements and test cases"
"54";"0";NA
"55";"0";NA
