"";"NrQuoted";"NRespondents";"Estimate";"95Conf.int.low";"95Conf.int.up"
"No";7;68;0,102941176470588;0,0294811015479561;0,174018898452044
"Yes, our project teams improve requirements engineering.";25;68;0,367647058823529;0,25133770423023;0,479191707534476
"Yes, we improve our requirements engineering via an own business unit / role.";33;68;0,485294117647059;0,367610854415749;0,601536204407781
"Yes, we improve our requirements engineering via external consultants.";3;68;0,0441176470588235;-0,00451121012923433;0,0935406218939402
