"";"NrQuoted";"NRespondents";"Estimate";"95Conf.int.low";"95Conf.int.up"
"Via project assessments";4;14;0,285714285714286;0,0480762645279169;0,514495164043512
"Via analytical quality assurance, e.g., as part of quality gates";3;14;0,214285714285714;-0,00239488930206164;0,438680603587776
"Via constructive quality assurance, e.g., via checklists or templates";5;14;0,357142857142857;0,107588703067083;0,610982725504346
"It is not checked.";2;14;0,142857142857143;-0,0412109632602747;0,325639534688846
