"";"NrQuoted";"NRespondents";"Estimate";"95Conf.int.low";"95Conf.int.up"
"We have defined a tailoring approach that continuously guides the application of the standard in our project";2;14;0,142857142857143;-0,0355526582640111;0,326838372549725
"We have tool support for tailoring our Requirements Engineering standard";1;14;0,0714285714285714;-0,0714902637228265;0,207633120865684
"At the beginning of a project, the project lead / requirements engineer tailors the standard based on experiences";7;14;0,5;0,236180229681492;0,757962627461365
"We do not consider a particular tailoring approach";4;14;0,285714285714286;0,0457224012313994;0,526134741625743
