"";"NrQuoted";"NRespondents";"Estimate";"95Conf.int.low";"95Conf.int.up"
"We have a continuous change management.";2;14;0,142857142857143;-0,0409434984227714;0,3305149269942
"We have a change management approach that applies after formally accepting a requirements specification.";5;14;0,357142857142857;0,103645831080474;0,611068454633811
"We have a change management that applies during RE.";3;14;0,214285714285714;-0,00921478092353367;0,441643352352105
"We do not consider a change management in RE.";3;14;0,214285714285714;-0,00447776059779173;0,430192046312077
