"";"Estimate";"95Conf.int.low";"95Conf.int.up";"NRespondents"
"Compliance to regulations and standards (like CMMI)";3,8;2,95920997875876;4,65979002124124;14
"Seamless development by integrating Requirements Engineering into the development process";3,9;3,1640910961363;4,6611089038637;14
"Better tool support";3,1;2,4001240516875;3,7958759483125;14
"Formal prerequisite for project acquisition in your domain";2,8;1,9866418071406;3,6449581928594;14
"Support of distributed development";3,4;2,68109034171546;4,15210965828454;14
"Better support of progress control";4,1;3,51321101373836;4,70798898626164;14
"Better quality assurance of the artefacts (e.g., within quality gates)";4,4;3,83632072473873;4,96867927526127;14
"Support of benchmarks and / or comparison of different projects";3,4;2,49493479514185;4,27526520485815;14
"Support of project management and planning";4;3,39754398345796;4,59645601654204;14
"Higher efficiency";4,4;3,82421801833044;4,99258198166956;14
"Knowledge transfer";3,8;3,18374078592272;4,39925921407727;14
