"";"NrQuoted";"NRespondents";"Estimate";"95Conf.int.low";"95Conf.int.up"
"No";4;13;0,307692307692308;0,0611681143397853;0,556678039506369
"Yes, our project teams improve requirements engineering.";3;13;0,230769230769231;-0,00233265485349582;0,458024962545804
"Yes, we improve our requirements engineering via an own business unit / role.";5;13;0,384615384615385;0,125326822101364;0,652365485590944
"Yes, we improve our requirements engineering via external consultants.";1;13;0,0769230769230769;-0,0722503346169515;0,226096488463105
