"";"Estimate";"95Conf.int.low";"95Conf.int.up";"NRespondents"
"Communication flaws within the project development team";3,8;3,32256214245855;4,26963785754145;13
"Communication flaws between developers and the customer";3,9;3,33061034426058;4,47838965573942;13
"Terminological problems";3,2;2,65973397905952;3,70806602094048;13
"Unclear responsibilities";3,3;2,83327931328453;3,79412068671547;13
"Incomplete";3,8;3,32985124365801;4,24054875634199;13
"Implicit requirements not made explicit";4,1;3,55157414077515;4,68162585922485;13
"Insufficient support by project lead";2,6;2,04470659816297;3,15349340183703;13
"Insufficient support by customer";3,1;2,22742198927236;3,94357801072764;13
"Stakeholders with difficulties in separating requirements from previously known solution designs";3,7;3,41569560738756;3,98750439261245;13
"Inconsistent requirements";4;3,60864971424352;4,37435028575648;13
"Missing traceability";3,7;2,92172554361663;4,46127445638337;13
"Moving targets (changing goals, business processes and / or requirements)";4,4;3,80414007972781;4,97585992027219;13
"""Gold plating"" (implementation of features without corresponding requirements)";3,1;2,46033064742351;3,77446935257649;13
"Weak access to customer needs and / or (internal) business information";3,3;2,53684939595609;4,02035060404391;13
"Weak knowledge of customer's application domain";3,5;2,63488098432188;4,36911901567812;13
"Weak relationship between customer and project lead";2,6;1,87054777088031;3,35325222911969;13
"Time boxing / Not enough time in general";3,6;2,95565482966763;4,22314517033237;13
"Discrepancy between high degree of innovation and need for formal acceptance of (potentially wrong / incomplete / unknown) requirements";3,6;3,02732972856489;4,16387027143511;13
"Technically unfeasible requirements";3,1;2,39840773926071;3,79679226073929;13
"Underspecified requirements that are too abstract and allow for various interpretations";4,3;3,91011367205105;4,70948632794895;13
"Unclear / unmeasurable non-functional requirements";4,1;3,77853348679525;4,42726651320475;13
"Volatile customer's business domain regarding, e.g., changing points of contact, business processes or requirements";3,2;2,61821416738803;3,83658583261197;13
