"";"Estimate";"95Conf.int.low";"95Conf.int.up";"NRespondents"
"...is too hard to understand";2,18181818181818;1,67719850165098;2,67425604380357;13
"...is too complex";2,27272727272727;1,74553050882235;2,78083312754129;13
"...is too abstract";2,27272727272727;1,77380155662671;2,78783480700965;13
"...does not support the specification of precise requirements";3,18181818181818;2,51814256048965;3,85276653041944;13
"...does not scale to our projects' high complexity";3,45454545454545;2,82856800832137;4,03397744622408;13
"...is too heavy weight for our projects (e.g., it does not support agility)";3,27272727272727;2,48954308414512;4,04154782494579;13
"...is not flexible enough (e.g., it offers no means to tackle moving targets / change-intensive requirements)";3,18181818181818;2,47080275513923;3,88865179031531;13
"...does not sufficiently define a clear terminology";2,90909090909091;2,31991047897386;3,49663497557159;13
"...gives no guidance on how to create the specification documents";3,18181818181818;2,37786084521177;3,98341188206095;13
"...does not sufficiently allow for deviations according to project circumstances that cannot be formalised (e.g., politically motivated underspecified requirements)";2,54545454545455;1,99374655057135;3,07716254033775;13
"...does not fit to the variety of our projects  (e.g., size or technical domains).";3,18181818181818;2,46036713315388;3,87563286684611;13
"...does not sufficiently define roles and responsibilities";2,54545454545455;1,9349729053704;3,11575436735687;13
