"";"Estimate";"95Conf.int.low";"95Conf.int.up";"NRespondents"
"Communication flaws within the project development team";3,30769230769231;2,73368071778205;3,89293466683333;15
"Communication flaws between developers and the customer";3,69230769230769;3,09969386393587;4,3075369052949;15
"Terminological problems";2,92307692307692;2,24355522549394;3,62336785142913;15
"Unclear responsibilities";3,38461538461538;2,63265447283419;4,14226860408889;15
"Incomplete";3;2,34939209786273;3,66430020982958;15
"Implicit requirements not made explicit";3,30769230769231;2,64921817730595;3,96001259192482;15
"Insufficient support by project lead";2,46153846153846;1,76333573885768;3,15620272268078;15
"Insufficient support by customer";3,53846153846154;2,8293046898615;4,26607992552312;15
"Stakeholders with difficulties in separating requirements from previously known solution designs";3,76923076923077;3,24768944637863;4,29984901515983;15
"Inconsistent requirements";3;2,3284634983607;3,69738265548545;15
"Missing traceability";3,15384615384615;2,32020575433952;4,00856347642971;15
"Moving targets (changing goals, business processes and / or requirements)";3,30769230769231;2,56692477139393;4,06692138245222;15
"""Gold plating"" (implementation of features without corresponding requirements)";3,38461538461538;2,76232276125353;3,99567723874647;15
"Weak access to customer needs and / or (internal) business information";3,76923076923077;3,24390656733258;4,32393958651357;15
"Weak knowledge of customer's application domain";3,15384615384615;2,57086460721731;3,78575077739808;15
"Weak relationship between customer and project lead";3,07692307692308;2,36288201314641;3,82265644839205;15
"Time boxing / Not enough time in general";3,46153846153846;2,89001480570852;4,00921596352225;15
"Discrepancy between high degree of innovation and need for formal acceptance of (potentially wrong / incomplete / unknown) requirements";3,53846153846154;3,03191240704885;4,04531836218192;15
"Technically unfeasible requirements";2,92307692307692;2,24366127571112;3,55433872428888;15
"Underspecified requirements that are too abstract and allow for various interpretations";3,69230769230769;3,14605763480074;4,23763467289156;15
"Unclear / unmeasurable non-functional requirements";3,46153846153846;2,8667625469211;4,07092976077121;15
"Volatile customer's business domain regarding, e.g., changing points of contact, business processes or requirements";2,69230769230769;2,09819316047395;3,27919145491067;15
