"";"Estimate";"95Conf.int.low";"95Conf.int.up";"NRespondents"
"...is too hard to understand";2,57142857142857;2,00884223324932;3,12644348103639;15
"...is too complex";2,57142857142857;2,00140670401441;3,16502186741416;15
"...is too abstract";2,64285714285714;2,06051144090051;3,17820284481378;15
"...does not support the specification of precise requirements";3,14285714285714;2,39961003358709;3,91496139498434;15
"...does not scale to our projects' high complexity";2,28571428571429;1,62495751925829;2,98647105217028;15
"...is too heavy weight for our projects (e.g., it does not support agility)";3;2,29483870534947;3,69701843750767;15
"...is not flexible enough (e.g., it offers no means to tackle moving targets / change-intensive requirements)";2,85714285714286;2,03562977640395;3,63065593788177;15
"...does not sufficiently define a clear terminology";2,42857142857143;1,76139414153804;3,0914630013191;15
"...gives no guidance on how to create the specification documents";2,71428571428571;2,02583802750315;3,41159054392542;15
"...does not sufficiently allow for deviations according to project circumstances that cannot be formalised (e.g., politically motivated underspecified requirements)";2,85714285714286;2,26857775476583;3,45599367380559;15
"...does not fit to the variety of our projects  (e.g., size or technical domains).";2,71428571428571;2,05303723817617;3,35824847610954;15
"...does not sufficiently define roles and responsibilities";2,85714285714286;2,15977851599943;3,54107862685772;15
